Session;Statut de l’établissement de la filière de formation (public, privé…);Code UAI de l'établissement;Établissement;Code départemental de l’établissement;Département de l’établissement;Région de l’établissement;Académie de l’établissement;Sélectivité;Filière de formation très agrégée;Filière de formation détaillée;Filière de formation;Concours communs et banques d'épreuves;Filière de formation détaillée;Filière de formation très détaillée;Lien de la formation sur la plateforme Parcoursup;Coordonnées GPS de la formation;Capacité de l’établissement par formation;Effectif total des candidats pour une formation;Dont effectif des candidates pour une formation;Effectif total des candidats en phase principale;Dont effectif des candidats ayant postulé en internat;Effectif des candidats néo bacheliers généraux en phase principale;Dont effectif des candidats boursiers néo bacheliers généraux en phase principale;Effectif des candidats néo bacheliers technologiques en phase principale;Dont effectif des candidats boursiers néo bacheliers technologiques en phase principale;Effectif des candidats néo bacheliers professionnels en phase principale;Dont effectif des candidats boursiers néo bacheliers professionnels en phase principale;Effectif des autres candidats en phase principale;Effectif total des candidats en phase complémentaire;Effectif des candidats néo bacheliers généraux en phase complémentaire;Effectif des candidats néo bacheliers technologique en phase complémentaire;Effectif des candidats néo bacheliers professionnels en phase complémentaire;Effectifs des autres candidats en phase complémentaire;Effectif total des candidats classés par l’établissement en phase principale;Effectif des candidats classés par l’établissement en phase complémentaire;Effectif des candidats classés par l’établissement en internat (CPGE);Effectif des candidats classés par l’établissement hors internat (CPGE);Effectif des candidats néo bacheliers généraux classés par l’établissement;Dont effectif des candidats boursiers néo bacheliers généraux classés par l’établissement;Effectif des candidats néo bacheliers technologiques classés par l’établissement;Dont effectif des candidats boursiers néo bacheliers technologiques classés par l’établissement;Effectif des candidats néo bacheliers professionnels classés par l’établissement;Dont effectif des candidats boursiers néo bacheliers professionnels classés par l’établissement;Effectif des autres candidats classés par l’établissement;Effectif total des candidats ayant reçu une proposition d’admission de la part de l’établissement;Effectif total des candidats ayant accepté la proposition de l’établissement (admis);Dont effectif des candidates admises;Effectif des admis en phase principale;Effectif des admis en phase complémentaire;Dont effectif des admis ayant reçu leur proposition d’admission à l'ouverture de la procédure principale;Dont effectif des admis ayant reçu leur proposition d’admission avant le baccalauréat;Dont effectif des admis ayant reçu leur proposition d’admission avant la fin de la procédure principale;Dont effectif des admis en internat;Dont effectif des admis boursiers néo bacheliers;Effectif des admis néo bacheliers;Effectif des admis néo bacheliers généraux;Effectif des admis néo bacheliers technologiques;Effectif des admis néo bacheliers professionnels;Effectif des autres candidats admis;Dont effectif des admis néo bacheliers sans information sur la mention au bac;Dont effectif des admis néo bacheliers sans mention au bac;Dont effectif des admis néo bacheliers avec mention Assez Bien au bac;Dont effectif des admis néo bacheliers avec mention Bien au bac;Dont effectif des admis néo bacheliers avec mention Très Bien au bac;Effectif des admis néo bacheliers généraux ayant eu une mention au bac;Effectif des admis néo bacheliers technologiques ayant eu une mention au bac;Effectif des admis néo bacheliers professionnels ayant eu une mention au bac;Dont effectif des admis issus du même établissement (BTS/CPGE);Dont effectif des admises issues du même établissement (BTS/CPGE);Dont effectif des admis issus de la même académie;Dont effectif des admis issus de la même académie (Paris/Créteil/Versailles réunies);% d’admis ayant reçu leur proposition d’admission à l'ouverture de la procédure principale;% d’admis ayant reçu leur proposition d’admission avant le baccalauréat;% d’admis ayant reçu leur proposition d’admission avant la fin de la procédure principale;% d’admis dont filles;% d’admis néo bacheliers issus de la même académie;% d’admis néo bacheliers issus de la même académie (Paris/Créteil/Versailles réunies);% d’admis néo bacheliers issus du même établissement (BTS/CPGE);% d’admis néo bacheliers boursiers;% d’admis néo bacheliers;% d’admis néo bacheliers sans information sur la mention au bac;% d’admis néo bacheliers sans mention au bac;% d’admis néo bacheliers avec mention Assez Bien au bac;% d’admis néo bacheliers avec mention Bien au bac;% d’admis néo bacheliers avec mention Très Bien au bac;% d’admis néo bacheliers généraux;Dont % d’admis avec mention;% d’admis néo bacheliers technologiques;Dont % d’admis avec mention;% d’admis néo bacheliers professionnels;Dont % d’admis avec mention;Effectif des candidats en terminale générale ayant reçu une proposition d’admission de la part de l’établissement;Dont effectif des candidats boursiers en terminale générale ayant reçu une proposition d’admission de la part de l’établissement;Effectif des candidats en terminale technologique ayant reçu une proposition d’admission de la part de l’établissement;Dont effectif des candidats boursiers en terminale technologique ayant reçu une proposition d’admission de la part de l’établissement;Effectif des candidats en terminale professionnelle ayant reçu une proposition d’admission de la part de l’établissement;Dont effectif des candidats boursiers en terminale générale professionnelle ayant reçu une proposition d’admission de la part de l’établissement;Effectif des autres candidats ayant reçu une proposition d’admission de la part de l’établissement;Regroupement 1 effectué par les formations pour les classements;Rang du dernier appelé du groupe 1;Regroupement 2 effectué par les formations pour les classements;Rang du dernier appelé du groupe 2;Regroupement 3 effectué par les formations pour les classements;Rang du dernier appelé du groupe 3;Regroupement 4 effectué par les formations pour les classements;Rang du dernier appelé du groupe 4;Regroupement 5 effectué par les formations pour les classements;Rang du dernier appelé du groupe 5;Indicateur Parcoursup du taux d’accès des candidats ayant postulé à la formation (ratio entre le dernier appelé et le dernier classé);Dont taux d’accès des candidats ayant un bac professionnel ayant postulé à la formation;Dont taux d’accès des candidats ayant un bac général ayant postulé à la formation;Dont taux d’accès des candidats ayant un bac technologique ayant postulé à la formation;tri;COD_AFF_FORM
2020;Public;0010013J;Lycée Lalande;01;Ain;Auvergne-Rhône-Alpes;Lyon;formation selective;CPGE;Lycée Lalande - CPGE - MPSI;Classe préparatoire scientifique;;Lycée Lalande - CPGE - MPSI;;https://dossier.parcoursup.fr/Candidat/carte?ACTION=2&g_ti_cod=2000&g_ta_cod=2000;46.2024,5.22593;48;1190;369;1086;756;589;88;2;1;0;0;495;104;50;2;0;52;507;38;62;489;486;62;0;0;0;0;21;479;30;8;20;10;4.0;17.0;27.0;13;2;24;24;0;0;6;0;1;14;6;3;23;0;0;2;1;14;14;13.33;56.67;90.0;26.67;58.33;58.33;8.33;8.33;80.0;0.0;4.16666666667;58.3333333333;25.0;12.5;100.0;0.0;0.0;0.0;0.0;0.0;457.0;49.0;0.0;0.0;0.0;0.0;22.0;Tous les candidats;510.0;;;;;;;;;47.0;0.0;100.0;0.0;2_Lycées;2000
2020;Public;0061642C;Lycée International de Valbonne;06;Alpes-Maritimes;Provence Alpes Côte d'Azur;Nice;formation selective;CPGE;Lycée International de Valbonne - CPGE - MPSI;Classe préparatoire scientifique;;Lycée International de Valbonne - CPGE - MPSI;;https://dossier.parcoursup.fr/Candidat/carte?ACTION=2&g_ti_cod=2314&g_ta_cod=2314;43.6207,7.04161;96;1099;342;1099;939;847;86;1;0;0;0;251;0;0;0;0;0;1017;0;486;643;809;83;0;0;0;0;208;473;94;21;94;0;34.0;84.0;91.0;85;8;94;94;0;0;0;1;0;4;30;59;93;0;0;0;0;79;79;36.17;89.36;96.81;22.34;84.04;84.04;0;8.51;100.0;1.06382978723;0.0;4.25531914894;31.914893617;62.7659574468;100.0;0.0;0.0;0.0;0.0;0.0;472.0;44.0;0.0;0.0;0.0;0.0;1.0;Tous les candidats;528.0;;;;;;;;;48.0;0.0;100.0;0.0;2_Lycées;2314
2020;Public;0220056S;Lycée Francois Rabelais;22;Côtes-d'armor;Bretagne;Rennes;formation selective;CPGE;Lycée Francois Rabelais - CPGE - MPSI;Classe préparatoire scientifique;;Lycée Francois Rabelais - CPGE - MPSI;;https://dossier.parcoursup.fr/Candidat/carte?ACTION=2&g_ti_cod=3315&g_ta_cod=3315;48.5042,-2.74813;48;912;257;912;675;668;64;2;1;1;1;241;0;0;0;0;0;616;0;49;599;578;51;0;0;0;0;38;395;46;13;46;0;8.0;32.0;43.0;12;4;43;43;0;0;3;1;2;5;22;13;40;0;0;2;0;42;42;17.39;69.57;93.48;28.26;97.67;97.67;4.65;9.3;93.48;2.32558139535;4.6511627907;11.6279069767;51.1627906977;30.2325581395;100.0;0.0;0.0;0.0;0.0;0.0;382.0;30.0;0.0;0.0;0.0;0.0;13.0;Tous les candidats;605.0;;;;;;;;;66.0;0.0;100.0;0.0;2_Lycées;3315
2020;Public;0250007X;Lycée Victor Hugo;25;Doubs;Bourgogne-Franche-Comté;Besancon;formation selective;CPGE;Lycée Victor Hugo - CPGE - MPSI;Classe préparatoire scientifique;;Lycée Victor Hugo - CPGE - MPSI;;https://dossier.parcoursup.fr/Candidat/carte?ACTION=2&g_ti_cod=3450&g_ta_cod=3450;47.2187,5.97702;90;1156;350;1156;864;839;79;0;0;0;0;317;0;0;0;0;0;764;0;132;726;745;61;0;0;0;0;19;448;86;22;86;0;13.0;74.0;81.0;51;10;86;86;0;0;0;0;0;6;33;47;86;0;0;3;0;71;71;15.12;86.05;94.19;25.58;82.56;82.56;3.49;11.63;100.0;0.0;0.0;6.97674418605;38.3720930233;54.6511627907;100.0;0.0;0.0;0.0;0.0;0.0;440.0;39.0;0.0;0.0;0.0;0.0;8.0;Tous les candidats;586.0;;;;;;;;;51.0;0.0;100.0;0.0;2_Lycées;3450
2020;Public;0280007F;Lycée Marceau;28;Eure-et-Loir;Centre-Val de Loire;Orléans-Tours;formation selective;CPGE;Lycée Marceau - CPGE - MPSI;Classe préparatoire scientifique;;Lycée Marceau - CPGE - MPSI;;https://dossier.parcoursup.fr/Candidat/carte?ACTION=2&g_ti_cod=3724&g_ta_cod=3724;48.443,1.49261;48;912;310;912;666;424;38;2;0;0;0;486;0;0;0;0;0;382;0;76;353;366;30;0;0;0;0;16;278;44;5;44;0;11.0;34.0;44.0;20;7;41;41;0;0;3;0;2;16;13;10;39;0;0;10;1;25;25;25.0;77.27;100.0;11.36;60.98;60.98;24.39;17.07;93.18;0.0;4.87804878049;39.0243902439;31.7073170732;24.3902439024;100.0;0.0;0.0;0.0;0.0;0.0;266.0;21.0;0.0;0.0;0.0;0.0;12.0;Tous les candidats;382.0;;;;;;;;;42.0;0.0;100.0;0.0;2_Lycées;3724
2020;Public;0381513N;Ecole des Pupilles de l'Air - lycée de la défense;38;Isère;Auvergne-Rhône-Alpes;Grenoble;formation selective;CPGE;Ecole des Pupilles de l'Air - lycée de la défense - CPGE - MPSI;Classe préparatoire scientifique;;Ecole des Pupilles de l'Air - lycée de la défense - CPGE - MPSI;;https://dossier.parcoursup.fr/Candidat/carte?ACTION=2&g_ti_cod=4961&g_ta_cod=4961;45.2098,5.77763;23;564;115;564;564;510;26;0;0;0;0;54;0;0;0;0;0;564;0;564;0;510;26;0;0;0;0;54;62;22;4;22;0;8.0;22.0;22.0;22;1;22;22;0;0;0;0;0;0;0;22;22;0;0;0;0;1;1;36.36;100.0;100.0;18.18;4.55;4.55;0;4.55;100.0;0.0;0.0;0.0;0.0;100.0;100.0;0.0;0.0;0.0;0.0;0.0;62.0;3.0;0.0;0.0;0.0;0.0;0.0;Tous les garçons;63.0;Toutes les filles;9;;;;;;;13.0;0.0;100.0;0.0;2_Lycées;4961
2020;Public;0410002E;Lycée F Philibert Dessaignes;41;Loir-et-Cher;Centre-Val de Loire;Orléans-Tours;formation selective;CPGE;Lycée F Philibert Dessaignes - CPGE - MPSI;Classe préparatoire scientifique;;Lycée F Philibert Dessaignes - CPGE - MPSI;;https://dossier.parcoursup.fr/Candidat/carte?ACTION=2&g_ti_cod=5233&g_ta_cod=5233;47.5955,1.33855;48;682;211;591;427;355;36;0;0;0;0;236;91;39;2;0;50;309;19;50;296;296;29;0;0;0;0;13;291;26;5;23;3;6.0;23.0;26.0;15;4;24;24;0;0;2;0;0;7;13;4;24;0;0;2;1;20;20;23.08;88.46;100.0;19.23;83.33;83.33;8.33;16.67;92.31;0.0;0.0;29.1666666667;54.1666666667;16.6666666667;100.0;0.0;0.0;0.0;0.0;0.0;279.0;27.0;0.0;0.0;0.0;0.0;12.0;Tous les candidats;309.0;;;;;;;;;52.0;0.0;100.0;0.0;2_Lycées;5233
2020;Public;0491966W;Lycée général et technologique Henri Bergson;49;Maine-et-Loire;Pays de la Loire;Nantes;formation selective;CPGE;Lycée général et technologique Henri Bergson - CPGE - MPSI;Classe préparatoire scientifique;;Lycée général et technologique Henri Bergson - CPGE - MPSI;;https://dossier.parcoursup.fr/Candidat/carte?ACTION=2&g_ti_cod=5953&g_ta_cod=5953;47.4719,-0.59284;48;1348;352;1348;1008;1130;102;0;0;0;0;218;0;0;0;0;0;1071;0;116;988;1029;81;0;0;0;0;42;545;45;8;45;0;15.0;32.0;43.0;14;2;45;45;0;0;0;0;0;2;18;25;45;0;0;3;0;41;41;33.33;71.11;95.56;17.78;91.11;91.11;6.67;4.44;100.0;0.0;0.0;4.44444444444;40.0;55.5555555556;100.0;0.0;0.0;0.0;0.0;0.0;541.0;47.0;0.0;0.0;0.0;0.0;4.0;Tous les candidats;684.0;;;;;;;;;51.0;0.0;100.0;0.0;2_Lycées;5953
2020;Public;0501828R;Lycée Victor Grignard;50;Manche;Normandie;Normandie;formation selective;CPGE;Lycée Victor Grignard - CPGE - MPSI;Classe préparatoire scientifique;;Lycée Victor Grignard - CPGE - MPSI;;https://dossier.parcoursup.fr/Candidat/carte?ACTION=2&g_ti_cod=6035&g_ta_cod=6035;49.6386,-1.62905;48;408;117;408;302;292;28;0;0;0;0;116;0;0;0;0;0;243;0;30;234;231;22;0;0;0;0;12;177;42;5;42;0;6.0;38.0;42.0;13;4;39;39;0;0;3;0;0;5;17;17;39;0;0;5;1;35;35;14.29;90.48;100.0;11.9;89.74;89.74;12.82;10.26;92.86;0.0;0.0;12.8205128205;43.5897435897;43.5897435897;100.0;0.0;0.0;0.0;0.0;0.0;169.0;16.0;0.0;0.0;0.0;0.0;8.0;Tous les candidats;239.0;;;;;;;;;59.0;0.0;100.0;0.0;2_Lycées;6035
2020;Public;0510031G;Lycée CLEMENCEAU;51;Marne;Grand Est;Reims;formation selective;CPGE;Lycée CLEMENCEAU - CPGE - MPSI;Classe préparatoire scientifique;;Lycée CLEMENCEAU - CPGE - MPSI;;https://dossier.parcoursup.fr/Candidat/carte?ACTION=2&g_ti_cod=6057&g_ta_cod=6057;49.2506,4.04688;96;1043;312;1043;723;723;66;1;0;0;0;319;0;0;0;0;0;652;0;103;627;650;51;0;0;0;0;2;400;99;24;99;0;51.0;85.0;97.0;48;9;99;99;0;0;0;0;0;1;23;75;99;0;0;5;2;76;76;51.52;85.86;97.98;24.24;76.77;76.77;5.05;9.09;100.0;0.0;0.0;1.0101010101;23.2323232323;75.7575757576;100.0;0.0;0.0;0.0;0.0;0.0;398.0;32.0;0.0;0.0;0.0;0.0;2.0;Tous les candidats;509.0;;;;;;;;;49.0;0.0;100.0;0.0;2_Lycées;6057
2020;Public;0560051B;Lycée Alain René Lesage;56;Morbihan;Bretagne;Rennes;formation selective;CPGE;Lycée Alain René Lesage - CPGE - MPSI;Classe préparatoire scientifique;;Lycée Alain René Lesage - CPGE - MPSI;;https://dossier.parcoursup.fr/Candidat/carte?ACTION=2&g_ti_cod=6435&g_ta_cod=6435;47.6474,-2.7707;48;1127;357;1127;818;690;50;2;1;1;0;434;0;0;0;0;0;622;0;81;595;570;43;2;1;0;0;50;317;48;9;48;0;6.0;34.0;47.0;20;2;41;41;0;0;7;0;0;9;22;10;41;0;0;4;0;34;34;12.5;70.83;97.92;18.75;82.93;82.93;9.76;4.88;85.42;0.0;0.0;21.9512195122;53.6585365854;24.3902439024;100.0;0.0;0.0;0.0;0.0;0.0;294.0;18.0;0.0;0.0;0.0;0.0;23.0;Tous les candidats;609.0;;;;;;;;;54.0;0.0;100.0;0.0;2_Lycées;6435
2020;Public;0620006V;Lycée Robespierre;62;Pas-de-Calais;Hauts-de-France;Lille;formation selective;CPGE;Lycée Robespierre - CPGE - MPSI;Classe préparatoire scientifique;;Lycée Robespierre - CPGE - MPSI;;https://dossier.parcoursup.fr/Candidat/carte?ACTION=2&g_ti_cod=7326&g_ta_cod=7326;50.287,2.76405;48;626;180;626;465;508;74;1;0;1;0;116;0;0;0;0;0;518;0;76;493;475;68;0;0;0;0;43;310;46;9;46;0;2.0;40.0;43.0;31;5;41;41;0;0;5;0;0;11;14;16;41;0;0;5;1;39;39;4.35;86.96;93.48;19.57;95.12;95.12;12.2;12.2;89.13;0.0;0.0;26.8292682927;34.1463414634;39.0243902439;100.0;0.0;0.0;0.0;0.0;0.0;292.0;30.0;0.0;0.0;0.0;0.0;18.0;Tous les candidats;494.0;;;;;;;;;79.0;0.0;100.0;0.0;2_Lycées;7326
2020;Public;0622949U;Lycée Mariette;62;Pas-de-Calais;Hauts-de-France;Lille;formation selective;CPGE;Lycée Mariette - CPGE - MPSI;Classe préparatoire scientifique;;Lycée Mariette - CPGE - MPSI;;https://dossier.parcoursup.fr/Candidat/carte?ACTION=2&g_ti_cod=7460&g_ta_cod=7460;50.7323,1.61225;48;311;104;282;206;170;21;0;0;0;0;112;29;9;0;0;20;257;8;97;179;169;21;0;0;0;0;88;186;27;8;27;0;19.0;27.0;27.0;11;3;25;25;0;0;2;0;0;6;8;11;25;0;0;2;0;23;23;70.37;100.0;100.0;29.63;92.0;92.0;8;12.0;92.59;0.0;0.0;24.0;32.0;44.0;100.0;0.0;0.0;0.0;0.0;0.0;166.0;21.0;0.0;0.0;0.0;0.0;21.0;Tous les candidats;185.0;;;;;;;;;66.0;0.0;100.0;0.0;2_Lycées;7460
2020;Public;0640055M;Lycée Louis Barthou;64;Pyrénées-Atlantiques;Nouvelle-Aquitaine;Bordeaux;formation selective;CPGE;Lycée Louis Barthou - CPGE - MPSI;Classe préparatoire scientifique;;Lycée Louis Barthou - CPGE - MPSI;;https://dossier.parcoursup.fr/Candidat/carte?ACTION=2&g_ti_cod=7704&g_ta_cod=7704;43.2962,-0.36446;48;947;272;947;691;856;85;2;0;0;0;89;0;0;0;0;0;873;0;102;838;853;85;0;0;0;0;20;457;46;10;46;0;20.0;40.0;44.0;13;5;46;46;0;0;0;1;0;2;19;24;45;0;0;3;3;33;33;43.48;86.96;95.65;21.74;71.74;71.74;6.52;10.87;100.0;2.17391304348;0.0;4.34782608696;41.3043478261;52.1739130435;100.0;0.0;0.0;0.0;0.0;0.0;449.0;41.0;0.0;0.0;0.0;0.0;8.0;Tous les candidats;580.0;;;;;;;;;61.0;0.0;100.0;0.0;2_Lycées;7704
2020;Public;0690082P;Lycée Jean Perrin;69;Rhône;Auvergne-Rhône-Alpes;Lyon;formation selective;CPGE;Lycée Jean Perrin - CPGE - MPSI;Classe préparatoire scientifique;;Lycée Jean Perrin - CPGE - MPSI;;https://dossier.parcoursup.fr/Candidat/carte?ACTION=2&g_ti_cod=8235&g_ta_cod=8235;45.7938,4.81633;48;2303;690;2303;1636;1834;222;2;2;0;0;467;0;0;0;0;0;1463;0;154;1421;1396;149;0;0;0;0;67;794;44;7;44;0;7.0;24.0;40.0;22;5;42;42;0;0;2;0;0;0;19;23;42;0;0;0;0;22;22;15.91;54.55;90.91;15.91;52.38;52.38;0;11.9;95.45;0.0;0.0;0.0;45.2380952381;54.7619047619;100.0;0.0;0.0;0.0;0.0;0.0;776.0;85.0;0.0;0.0;0.0;0.0;18.0;Tous les candidats;1023.0;;;;;;;;;44.0;0.0;100.0;0.0;2_Lycées;8235
2020;Privé sous contrat d'association;0690522T;Lycée Aux Lazaristes;69;Rhône;Auvergne-Rhône-Alpes;Lyon;formation selective;CPGE;Lycée Aux Lazaristes - CPGE - MPSI;Classe préparatoire scientifique;;Lycée Aux Lazaristes - CPGE - MPSI;;https://dossier.parcoursup.fr/Candidat/carte?ACTION=2&g_ti_cod=8291&g_ta_cod=8291;45.7641,4.82597;60;2869;782;2869;2402;2598;156;0;0;0;0;271;0;0;0;0;0;915;0;109;883;903;37;0;0;0;0;12;285;69;20;69;0;12.0;63.0;67.0;37;2;69;69;0;0;0;0;0;0;0;69;69;0;0;8;1;35;35;17.39;91.3;97.1;28.99;50.72;50.72;11.59;2.9;100.0;0.0;0.0;0.0;0.0;100.0;100.0;0.0;0.0;0.0;0.0;0.0;285.0;11.0;0.0;0.0;0.0;0.0;0.0;Tous les candidats;410.0;;;;;;;;;14.0;0.0;100.0;0.0;2_Lycées;8291
2020;Public;0720029R;Lycée Montesquieu;72;Sarthe;Pays de la Loire;Nantes;formation selective;CPGE;Lycée Montesquieu - CPGE - MPSI;Classe préparatoire scientifique;;Lycée Montesquieu - CPGE - MPSI;;https://dossier.parcoursup.fr/Candidat/carte?ACTION=2&g_ti_cod=8690&g_ta_cod=8690;48.0104,0.20065;48;865;243;833;0;600;53;0;0;0;0;233;32;14;2;1;15;526;5;0;526;494;41;0;0;0;0;32;375;49;12;48;1;18.0;45.0;49.0;0;2;38;38;0;0;11;0;0;5;20;13;38;0;0;8;1;34;34;36.73;91.84;100.0;24.49;89.47;89.47;21.05;5.26;77.55;0.0;0.0;13.1578947368;52.6315789474;34.2105263158;100.0;0.0;0.0;0.0;0.0;0.0;347.0;28.0;0.0;0.0;0.0;0.0;28.0;Tous les candidats;526.0;;;;;;;;;63.0;0.0;100.0;0.0;2_Lycées;8690
2020;Privé sous contrat d'association;0753840S;Lycée Stanislas;75;Paris;Ile-de-France;Paris;formation selective;CPGE;Lycée Stanislas - CPGE - MPSI;Classe préparatoire scientifique;;Lycée Stanislas - CPGE - MPSI;;https://dossier.parcoursup.fr/Candidat/carte?ACTION=2&g_ti_cod=9467&g_ta_cod=9467;48.8453,2.32697;92;3009;789;3009;2279;2793;148;0;0;1;0;215;0;0;0;0;0;543;0;287;347;543;14;0;0;0;0;0;275;83;21;83;0;24.0;66.0;81.0;66;0;83;83;0;0;0;0;0;0;1;82;83;0;0;18;4;31;55;28.92;79.52;97.59;25.3;37.35;66.27;21.69;0.0;100.0;0.0;0.0;0.0;1.20481927711;98.7951807229;100.0;0.0;0.0;0.0;0.0;0.0;275.0;7.0;0.0;0.0;0.0;0.0;0.0;Tous les candidats;359.0;;;;;;;;;12.0;0.0;100.0;0.0;2_Lycées;9467
2020;Public;0770933W;Lycée Jacques Amyot;77;Seine-et-Marne;Ile-de-France;Créteil;formation selective;CPGE;Lycée Jacques Amyot - CPGE - MPSI;Classe préparatoire scientifique;;Lycée Jacques Amyot - CPGE - MPSI;;https://dossier.parcoursup.fr/Candidat/carte?ACTION=2&g_ti_cod=9808&g_ta_cod=9808;48.5455,2.6599;35;586;162;586;369;518;72;1;0;0;0;67;0;0;0;0;0;441;0;64;416;428;48;0;0;0;0;13;200;42;7;42;0;15.0;34.0;41.0;10;7;42;42;0;0;0;1;0;3;23;15;41;0;0;2;1;37;40;35.71;80.95;97.62;16.67;88.1;95.24;4.76;16.67;100.0;2.38095238095;0.0;7.14285714286;54.7619047619;35.7142857143;100.0;0.0;0.0;0.0;0.0;0.0;199.0;27.0;0.0;0.0;0.0;0.0;1.0;Tous les candidats;284.0;;;;;;;;;48.0;0.0;100.0;0.0;2_Lycées;9808
2020;Public;0800009A;Lycée Louis Thuillier;80;Somme;Hauts-de-France;Amiens;formation selective;CPGE;Lycée Louis Thuillier - CPGE - MPSI;Classe préparatoire scientifique;;Lycée Louis Thuillier - CPGE - MPSI;;https://dossier.parcoursup.fr/Candidat/carte?ACTION=2&g_ti_cod=10150&g_ta_cod=10150;49.8746,2.29673;96;855;236;792;567;630;77;2;0;0;0;160;63;31;2;1;29;535;21;132;450;495;50;0;0;0;0;40;353;80;15;74;6;14.0;70.0;78.0;37;9;73;73;0;0;7;1;1;3;33;35;71;0;0;8;2;55;55;17.5;87.5;97.5;18.75;75.34;75.34;10.96;12.33;91.25;1.3698630137;1.3698630137;4.1095890411;45.2054794521;47.9452054795;100.0;0.0;0.0;0.0;0.0;0.0;324.0;34.0;0.0;0.0;0.0;0.0;29.0;Tous les candidats;478.0;;;;;;;;;60.0;0.0;100.0;0.0;2_Lycées;10150
2020;Public;0860035W;Lycée Camille Guérin;86;Vienne;Nouvelle-Aquitaine;Poitiers;formation selective;CPGE;Lycée Camille Guérin - CPGE - MPSI;Classe préparatoire scientifique;;Lycée Camille Guérin - CPGE - MPSI;;https://dossier.parcoursup.fr/Candidat/carte?ACTION=2&g_ti_cod=10584&g_ta_cod=10584;46.5678,0.36531;96;1165;331;1165;914;862;77;0;0;0;0;303;0;0;0;0;0;838;0;97;813;815;70;0;0;0;0;23;481;91;17;91;0;18.0;71.0;91.0;40;10;91;91;0;0;0;0;1;7;47;36;90;0;0;5;1;64;64;19.78;78.02;100.0;18.68;70.33;70.33;5.49;10.99;100.0;0.0;1.0989010989;7.69230769231;51.6483516484;39.5604395604;100.0;0.0;0.0;0.0;0.0;0.0;470.0;38.0;0.0;0.0;0.0;0.0;11.0;Tous les candidats;824.0;;;;;;;;;71.0;0.0;100.0;0.0;2_Lycées;10584
2020;Public;0870015U;Lycée Gay-Lussac;87;Haute-Vienne;Nouvelle-Aquitaine;Limoges;formation selective;CPGE;Lycée Gay-Lussac - CPGE - MPSI;Classe préparatoire scientifique;;Lycée Gay-Lussac - CPGE - MPSI;;https://dossier.parcoursup.fr/Candidat/carte?ACTION=2&g_ti_cod=10660&g_ta_cod=10660;45.8308,1.26268;48;930;266;930;648;717;75;0;0;0;0;213;0;0;0;0;0;716;0;111;640;688;72;0;0;0;0;28;197;48;14;48;0;22.0;35.0;46.0;17;8;47;47;0;0;1;0;0;0;7;40;47;0;0;4;0;31;31;45.83;72.92;95.83;29.17;65.96;65.96;8.51;17.02;97.92;0.0;0.0;0.0;14.8936170213;85.1063829787;100.0;0.0;0.0;0.0;0.0;0.0;194.0;23.0;0.0;0.0;0.0;0.0;3.0;Tous les candidats;255.0;;;;;;;;;27.0;0.0;100.0;0.0;2_Lycées;10660
2020;Public;0920145H;Lycée Lakanal;92;Hauts-de-Seine;Ile-de-France;Versailles;formation selective;CPGE;Lycée Lakanal - CPGE - MPSI;Classe préparatoire scientifique;;Lycée Lakanal - CPGE - MPSI;;https://dossier.parcoursup.fr/Candidat/carte?ACTION=2&g_ti_cod=11012&g_ta_cod=11012;48.7773,2.30778;48;2668;800;2668;1850;2308;161;0;0;0;0;360;0;0;0;0;0;1344;0;86;1310;1344;74;0;0;0;0;0;566;47;8;47;0;4.0;22.0;36.0;11;5;47;47;0;0;0;0;0;1;11;35;47;0;0;4;0;28;37;8.51;46.81;76.6;17.02;59.57;78.72;8.51;10.64;100.0;0.0;0.0;2.12765957447;23.4042553191;74.4680851064;100.0;0.0;0.0;0.0;0.0;0.0;566.0;44.0;0.0;0.0;0.0;0.0;0.0;Tous les candidats;739.0;;;;;;;;;28.0;0.0;100.0;0.0;2_Lycées;11012
2020;Public;0952196W;LYCEE POLYVALENT GUSTAVE MONOD;95;Val-d'oise;Ile-de-France;Versailles;formation selective;CPGE;LYCEE POLYVALENT GUSTAVE MONOD - CPGE - MPSI;Classe préparatoire scientifique;;LYCEE POLYVALENT GUSTAVE MONOD - CPGE - MPSI;;https://dossier.parcoursup.fr/Candidat/carte?ACTION=2&g_ti_cod=11561&g_ta_cod=11561;48.9727,2.2948;40;688;170;617;0;530;109;4;2;0;0;83;71;34;4;3;30;349;9;0;349;333;52;0;0;0;0;16;238;36;3;33;3;2.0;29.0;34.0;0;5;34;34;0;0;2;0;1;9;13;11;33;0;0;3;0;27;33;5.56;80.56;94.44;8.33;79.41;97.06;8.82;14.71;94.44;0.0;2.94117647059;26.4705882353;38.2352941176;32.3529411765;100.0;0.0;0.0;0.0;0.0;0.0;227.0;40.0;0.0;0.0;0.0;0.0;11.0;Tous les candidats;349.0;;;;;;;;;57.0;0.0;100.0;0.0;2_Lycées;11561
2020;Public;9710003B;Lycée Baimbridge;971;Guadeloupe;Guadeloupe;Guadeloupe;formation selective;CPGE;Lycée Baimbridge - CPGE - MPSI;Classe préparatoire scientifique;;Lycée Baimbridge - CPGE - MPSI;;https://dossier.parcoursup.fr/Candidat/carte?ACTION=2&g_ti_cod=11733&g_ta_cod=11733;16.2711,-61.5253;45;237;81;237;177;209;32;1;0;0;0;27;0;0;0;0;0;164;0;46;144;155;26;0;0;0;0;9;126;40;14;40;0;7.0;36.0;40.0;20;5;38;38;0;0;2;0;1;1;13;23;37;0;0;4;0;37;37;17.5;90.0;100.0;35.0;97.37;97.37;10.53;13.16;95.0;0.0;2.63157894737;2.63157894737;34.2105263158;60.5263157895;100.0;0.0;0.0;0.0;0.0;0.0;117.0;21.0;0.0;0.0;0.0;0.0;9.0;Tous les candidats;152.0;;;;;;;;;64.0;0.0;100.0;0.0;2_Lycées;11733
2020;Public;0120022J;Lycée Ferdinand Foch;12;Aveyron;Occitanie;Toulouse;formation selective;CPGE;Lycée Ferdinand Foch - CPGE - MPSI;Classe préparatoire scientifique;;Lycée Ferdinand Foch - CPGE - MPSI;;https://dossier.parcoursup.fr/Candidat/carte?ACTION=2&g_ti_cod=17642&g_ta_cod=17642;44.3506,2.5637;24;630;194;630;511;477;59;2;1;0;0;151;0;0;0;0;0;376;0;23;365;362;43;0;0;0;0;14;229;18;5;18;0;0.0;14.0;18.0;3;0;17;17;0;0;1;0;0;3;8;6;17;0;0;0;0;15;15;0.0;77.78;100.0;27.78;88.24;88.24;0;0.0;94.44;0.0;0.0;17.6470588235;47.0588235294;35.2941176471;100.0;0.0;0.0;0.0;0.0;0.0;218.0;20.0;0.0;0.0;0.0;0.0;11.0;Tous les candidats;374.0;;;;;;;;;59.0;0.0;100.0;0.0;2_Lycées;17642
2020;Public;0100022V;Lycée Chrestien de Troyes;10;Aube;Grand Est;Reims;formation selective;CPGE;Lycée Chrestien de Troyes - CPGE - MPSI;Classe préparatoire scientifique;;Lycée Chrestien de Troyes - CPGE - MPSI;;https://dossier.parcoursup.fr/Candidat/carte?ACTION=2&g_ti_cod=2405&g_ta_cod=2405;48.2689,4.07874;48;597;164;508;317;350;46;1;0;0;0;157;89;51;0;0;38;232;26;11;225;226;29;0;0;0;0;6;202;38;11;34;4;12.0;34.0;37.0;2;5;35;35;0;0;3;0;0;4;15;16;35;0;0;5;1;28;28;31.58;89.47;97.37;28.95;80.0;80.0;14.29;14.29;92.11;0.0;0.0;11.4285714286;42.8571428571;45.7142857143;100.0;0.0;0.0;0.0;0.0;0.0;193.0;23.0;0.0;0.0;0.0;0.0;9.0;Tous les candidats;237.0;;;;;;;;;47.0;0.0;100.0;0.0;2_Lycées;2405
2020;Public;0131596P;Lycée Militaire d'Aix-en-Provence;13;Bouches-du-Rhône;Provence Alpes Côte d'Azur;Aix-Marseille;formation selective;CPGE;Lycée Militaire d'Aix-en-Provence - CPGE - MPSI;Classe préparatoire scientifique;;Lycée Militaire d'Aix-en-Provence - CPGE - MPSI;;https://dossier.parcoursup.fr/Candidat/carte?ACTION=2&g_ti_cod=2653&g_ta_cod=2653;43.527,5.45958;56;917;180;917;917;825;58;1;1;0;0;91;0;0;0;0;0;917;0;917;0;825;58;1;1;0;0;91;253;55;5;55;0;9.0;55.0;55.0;55;4;53;53;0;0;2;0;2;1;13;37;51;0;0;4;0;9;9;16.36;100.0;100.0;9.09;16.98;16.98;7.55;7.55;96.36;0.0;3.77358490566;1.88679245283;24.5283018868;69.8113207547;100.0;0.0;0.0;0.0;0.0;0.0;251.0;17.0;0.0;0.0;0.0;0.0;2.0;Tous les candidats;313.0;;;;;;;;;34.0;0.0;100.0;0.0;2_Lycées;2653
2020;Public;0260035X;Lycée CAMILLE VERNET;26;Drôme;Auvergne-Rhône-Alpes;Grenoble;formation selective;CPGE;Lycée CAMILLE VERNET - CPGE - MPSI;Classe préparatoire scientifique;;Lycée CAMILLE VERNET - CPGE - MPSI;;https://dossier.parcoursup.fr/Candidat/carte?ACTION=2&g_ti_cod=3621&g_ta_cod=3621;44.922,4.90358;45;860;242;751;500;592;74;0;0;0;0;159;109;61;0;0;48;442;21;6;438;424;47;0;0;0;0;18;411;34;9;31;3;12.0;31.0;34.0;0;4;31;31;0;0;3;0;0;3;19;9;31;0;0;3;1;26;26;35.29;91.18;100.0;26.47;83.87;83.87;9.68;12.9;91.18;0.0;0.0;9.67741935484;61.2903225806;29.0322580645;100.0;0.0;0.0;0.0;0.0;0.0;389.0;41.0;0.0;0.0;0.0;0.0;22.0;Tous les candidats;447.0;;;;;;;;;60.0;0.0;100.0;0.0;2_Lycées;3621
2020;Public;0370035M;Lycée Descartes;37;Indre-et-Loire;Centre-Val de Loire;Orléans-Tours;formation selective;CPGE;Lycée Descartes - CPGE - MPSI;Classe préparatoire scientifique;;Lycée Descartes - CPGE - MPSI;;https://dossier.parcoursup.fr/Candidat/carte?ACTION=2&g_ti_cod=4823&g_ta_cod=4823;47.3915,0.68959;144;2521;684;2521;1964;2099;168;5;3;1;0;416;0;0;0;0;0;1676;0;569;1169;1601;140;0;0;0;0;75;563;143;30;143;0;36.0;110.0;141.0;38;6;139;139;0;0;4;0;0;0;6;133;139;0;0;5;1;83;83;25.17;76.92;98.6;20.98;59.71;59.71;3.6;4.32;97.2;0.0;0.0;0.0;4.31654676259;95.6834532374;100.0;0.0;0.0;0.0;0.0;0.0;554.0;37.0;0.0;0.0;0.0;0.0;9.0;Tous les candidats;736.0;;;;;;;;;29.0;0.0;100.0;0.0;2_Lycées;4823
2020;Public;0560025Y;Lycée Dupuy De Lôme;56;Morbihan;Bretagne;Rennes;formation selective;CPGE;Lycée Dupuy De Lôme - CPGE - MPSI;Classe préparatoire scientifique;;Lycée Dupuy De Lôme - CPGE - MPSI;;https://dossier.parcoursup.fr/Candidat/carte?ACTION=2&g_ti_cod=6419&g_ta_cod=6419;47.7479,-3.37043;48;828;232;828;621;642;48;1;1;0;0;185;0;0;0;0;0;741;0;255;533;602;45;1;1;0;0;138;341;48;13;48;0;9.0;33.0;43.0;24;6;47;47;0;0;1;0;0;1;26;20;47;0;0;12;4;46;46;18.75;68.75;89.58;27.08;97.87;97.87;25.53;12.77;97.92;0.0;0.0;2.12765957447;55.3191489362;42.5531914894;100.0;0.0;0.0;0.0;0.0;0.0;332.0;25.0;0.0;0.0;0.0;0.0;9.0;Tous les candidats;424.0;;;;;;;;;51.0;0.0;100.0;0.0;2_Lycées;6419
2020;Public;0570054Z;Lycée Fabert;57;Moselle;Grand Est;Nancy-Metz;formation selective;CPGE;Lycée Fabert - CPGE - MPSI;Classe préparatoire scientifique;;Lycée Fabert - CPGE - MPSI;;https://dossier.parcoursup.fr/Candidat/carte?ACTION=2&g_ti_cod=6525&g_ta_cod=6525;49.1227,6.1718;96;1335;365;1335;901;1052;101;0;0;0;0;283;0;0;0;0;0;936;0;85;909;915;77;0;0;0;0;21;520;96;14;96;0;10.0;79.0;91.0;24;7;96;96;0;0;0;0;0;1;29;66;96;0;0;11;2;86;86;10.42;82.29;94.79;14.58;89.58;89.58;11.46;7.29;100.0;0.0;0.0;1.04166666667;30.2083333333;68.75;100.0;0.0;0.0;0.0;0.0;0.0;511.0;43.0;0.0;0.0;0.0;0.0;9.0;Tous les candidats;782.0;;;;;;;;;59.0;0.0;100.0;0.0;2_Lycées;6525
2020;Public;0590119J;Lycée Faidherbe;59;Nord;Hauts-de-France;Lille;formation selective;CPGE;Lycée Faidherbe - CPGE - MPSI;Classe préparatoire scientifique;;Lycée Faidherbe - CPGE - MPSI;;https://dossier.parcoursup.fr/Candidat/carte?ACTION=2&g_ti_cod=6780&g_ta_cod=6780;50.6151,3.07574;144;2352;723;2352;1739;1981;203;0;0;0;0;371;0;0;0;0;0;1037;0;141;1016;1011;92;0;0;0;0;26;559;142;36;142;0;39.0;113.0;135.0;67;23;139;139;0;0;3;0;0;0;9;130;139;0;0;7;1;119;119;27.46;79.58;95.07;25.35;85.61;85.61;5.04;16.55;97.89;0.0;0.0;0.0;6.47482014388;93.5251798561;100.0;0.0;0.0;0.0;0.0;0.0;542.0;59.0;0.0;0.0;0.0;0.0;17.0;Tous les candidats;882.0;;;;;;;;;38.0;0.0;100.0;0.0;2_Lycées;6780
2020;Public;0660010C;Lycée François Arago;66;Pyrénées-Orientales;Occitanie;Montpellier;formation selective;CPGE;Lycée François Arago - CPGE - MPSI;Classe préparatoire scientifique;;Lycée François Arago - CPGE - MPSI;;https://dossier.parcoursup.fr/Candidat/carte?ACTION=2&g_ti_cod=7844&g_ta_cod=7844;42.695,2.88619;48;892;244;892;642;683;119;0;0;0;0;209;0;0;0;0;0;803;0;236;603;652;113;0;0;0;0;151;236;45;9;45;0;5.0;34.0;45.0;17;10;40;40;0;0;5;0;0;4;13;23;40;0;0;8;3;39;39;11.11;75.56;100.0;20.0;97.5;97.5;20;25.0;88.89;0.0;0.0;10.0;32.5;57.5;100.0;0.0;0.0;0.0;0.0;0.0;227.0;46.0;0.0;0.0;0.0;0.0;9.0;Tous les candidats;406.0;;;;;;;;;46.0;0.0;100.0;0.0;2_Lycées;7844
2020;Public;0670080Y;Lycée Kléber;67;Bas-Rhin;Grand Est;Strasbourg;formation selective;CPGE;Lycée Kléber - CPGE - MPSI;Classe préparatoire scientifique;;Lycée Kléber - CPGE - MPSI;;https://dossier.parcoursup.fr/Candidat/carte?ACTION=2&g_ti_cod=7916&g_ta_cod=7916;48.5942,7.75706;192;2541;733;2541;1890;2110;201;4;1;0;0;427;0;0;0;0;0;1353;0;99;1342;1316;117;0;0;0;0;37;592;189;42;189;0;62.0;171.0;178.0;69;24;188;188;0;0;1;2;0;3;14;169;186;0;0;11;2;117;117;32.8;90.48;94.18;22.22;62.23;62.23;5.85;12.77;99.47;1.06382978723;0.0;1.59574468085;7.44680851064;89.8936170213;100.0;0.0;0.0;0.0;0.0;0.0;585.0;52.0;0.0;0.0;0.0;0.0;7.0;Tous les candidats;705.0;;;;;;;;;28.0;0.0;100.0;0.0;2_Lycées;7916
2020;Public;0680031P;Lycée Albert Schweitzer;68;Haut-Rhin;Grand Est;Strasbourg;formation selective;CPGE;Lycée Albert Schweitzer - CPGE - MPSI;Classe préparatoire scientifique;;Lycée Albert Schweitzer - CPGE - MPSI;;https://dossier.parcoursup.fr/Candidat/carte?ACTION=2&g_ti_cod=8096&g_ta_cod=8096;47.7456,7.32646;96;977;268;906;629;547;80;4;1;0;0;355;71;29;0;1;41;513;21;70;498;482;68;0;0;0;0;31;481;56;13;52;4;12.0;52.0;56.0;24;10;47;47;0;0;9;1;0;12;27;7;46;0;0;4;1;36;36;21.43;92.86;100.0;23.21;76.6;76.6;8.51;21.28;83.93;2.12765957447;0.0;25.5319148936;57.4468085106;14.8936170213;100.0;0.0;0.0;0.0;0.0;0.0;446.0;59.0;0.0;0.0;0.0;0.0;35.0;Tous les candidats;511.0;;;;;;;;;56.0;0.0;100.0;0.0;2_Lycées;8096
2020;Public;0711064W;Lycée Militaire d'Autun;71;Saône-et-Loire;Bourgogne-Franche-Comté;Dijon;formation selective;CPGE;Lycée Militaire d'Autun - CPGE - MPSI;Classe préparatoire scientifique;;Lycée Militaire d'Autun - CPGE - MPSI;;https://dossier.parcoursup.fr/Candidat/carte?ACTION=2&g_ti_cod=8648&g_ta_cod=8648;46.9498,4.30582;30;550;99;550;550;498;29;1;0;0;0;51;0;0;0;0;0;550;0;550;0;498;29;1;0;0;0;51;182;30;1;30;0;4.0;26.0;30.0;30;2;30;30;0;0;0;0;0;2;20;8;30;0;0;4;0;11;11;13.33;86.67;100.0;3.33;36.67;36.67;13.33;6.67;100.0;0.0;0.0;6.66666666667;66.6666666667;26.6666666667;100.0;0.0;0.0;0.0;0.0;0.0;177.0;9.0;0.0;0.0;0.0;0.0;5.0;Tous les candidats;235.0;;;;;;;;;43.0;0.0;100.0;0.0;2_Lycées;8648
2020;Public;0740003B;Lycée Berthollet;74;Haute-Savoie;Auvergne-Rhône-Alpes;Grenoble;formation selective;CPGE;Lycée Berthollet - CPGE - MPSI;Classe préparatoire scientifique;;Lycée Berthollet - CPGE - MPSI;;https://dossier.parcoursup.fr/Candidat/carte?ACTION=2&g_ti_cod=8844&g_ta_cod=8844;45.9063,6.12758;96;1859;560;1859;1425;1271;91;1;1;1;1;586;0;0;0;0;0;1154;0;158;1088;1120;71;1;1;0;0;33;716;99;16;99;0;41.0;79.0;96.0;42;12;99;98;1;0;0;0;0;7;55;37;98;1;0;7;1;80;80;41.41;79.8;96.97;16.16;80.81;80.81;7.07;12.12;100.0;0.0;0.0;7.07070707071;55.5555555556;37.3737373737;98.9898989899;1.01;1.0101010101;1.01;0.0;1.01;711.0;49.0;1.0;1.0;0.0;0.0;4.0;Tous les candidats;761.0;;;;;;;;;41.0;0.0;99.0;1.0;2_Lycées;8844
2020;Public;0750693W;Lycée Buffon;75;Paris;Ile-de-France;Paris;formation selective;CPGE;Lycée Buffon - CPGE - MPSI;Classe préparatoire scientifique;;Lycée Buffon - CPGE - MPSI;;https://dossier.parcoursup.fr/Candidat/carte?ACTION=2&g_ti_cod=9114&g_ta_cod=9114;48.8422,2.29277;48;2328;659;2328;335;2070;336;2;1;0;0;256;0;0;0;0;0;1407;0;161;1256;1344;188;2;1;0;0;61;424;45;11;45;0;16.0;34.0;41.0;2;9;45;45;0;0;0;0;1;8;28;8;44;0;0;0;0;27;42;35.56;75.56;91.11;24.44;60.0;93.33;0;20.0;100.0;0.0;2.22222222222;17.7777777778;62.2222222222;17.7777777778;100.0;0.0;0.0;0.0;0.0;0.0;417.0;64.0;1.0;1.0;0.0;0.0;6.0;Tous les candidats;491.0;;;;;;;;;21.0;0.0;100.0;0.0;2_Lycées;9114
2020;Public;0750699C;Lycée Janson De Sailly;75;Paris;Ile-de-France;Paris;formation selective;CPGE;Lycée Janson De Sailly - CPGE - MPSI;Classe préparatoire scientifique;;Lycée Janson De Sailly - CPGE - MPSI;;https://dossier.parcoursup.fr/Candidat/carte?ACTION=2&g_ti_cod=9130&g_ta_cod=9130;48.8655,2.27947;192;6259;1818;6259;3744;5494;508;2;1;1;0;762;0;0;0;0;0;3197;0;308;2926;3039;274;1;1;0;0;157;1432;190;64;190;0;14.0;141.0;177.0;26;22;182;182;0;0;8;0;0;0;11;171;182;0;0;5;1;36;97;7.37;74.21;93.16;33.68;19.78;53.3;2.75;12.09;95.79;0.0;0.0;0.0;6.04395604396;93.956043956;100.0;0.0;0.0;0.0;0.0;0.0;1386.0;131.0;0.0;0.0;0.0;0.0;46.0;Tous les candidats;1941.0;;;;;;;;;31.0;0.0;100.0;0.0;2_Lycées;9130
2020;Privé sous contrat d'association;0753873C;Lycée Fénelon Sainte-Marie;75;Paris;Ile-de-France;Paris;formation selective;CPGE;Lycée Fénelon Sainte-Marie - CPGE - MPSI;Classe préparatoire scientifique;;Lycée Fénelon Sainte-Marie - CPGE - MPSI;;https://dossier.parcoursup.fr/Candidat/carte?ACTION=2&g_ti_cod=9474&g_ta_cod=9474;48.8791,2.31651;82;2292;599;2292;0;2011;158;1;0;0;0;280;0;0;0;0;0;1277;0;0;1277;1275;56;0;0;0;0;2;610;82;15;82;0;2.0;60.0;73.0;0;3;82;82;0;0;0;0;0;1;50;31;82;0;0;1;0;25;73;2.44;73.17;89.02;18.29;30.49;89.02;1.22;3.66;100.0;0.0;0.0;1.21951219512;60.9756097561;37.8048780488;100.0;0.0;0.0;0.0;0.0;0.0;610.0;39.0;0.0;0.0;0.0;0.0;0.0;Tous les candidats;837.0;;;;;;;;;37.0;0.0;100.0;0.0;2_Lycées;9474
2020;Public;0760090K;Lycée Pierre Corneille;76;Seine-Maritime;Normandie;Normandie;formation selective;CPGE;Lycée Pierre Corneille - CPGE - MPSI;Classe préparatoire scientifique;;Lycée Pierre Corneille - CPGE - MPSI;;https://dossier.parcoursup.fr/Candidat/carte?ACTION=2&g_ti_cod=9586&g_ta_cod=9586;49.4457,1.10117;96;1597;428;1597;1102;1285;126;1;1;2;1;309;0;0;0;0;0;1337;0;621;761;1134;105;1;1;0;0;202;378;94;20;94;0;19.0;72.0;90.0;18;9;91;91;0;0;3;0;0;0;4;87;91;0;0;8;4;78;78;20.21;76.6;95.74;21.28;85.71;85.71;8.79;9.89;96.81;0.0;0.0;0.0;4.3956043956;95.6043956044;100.0;0.0;0.0;0.0;0.0;0.0;370.0;34.0;0.0;0.0;0.0;0.0;8.0;Tous les candidats;526.0;;;;;;;;;33.0;0.0;100.0;0.0;2_Lycées;9586
2020;Public;0782539L;Lycée Saint Exupéry;78;Yvelines;Ile-de-France;Versailles;formation selective;CPGE;Lycée Saint Exupéry - CPGE - MPSI;Classe préparatoire scientifique;;Lycée Saint Exupéry - CPGE - MPSI;;https://dossier.parcoursup.fr/Candidat/carte?ACTION=2&g_ti_cod=10025&g_ta_cod=10025;48.9974,1.69372;35;518;156;392;0;220;42;7;1;0;0;165;126;55;9;2;60;196;30;0;196;181;26;0;0;0;0;15;194;21;3;19;1;10.0;19.0;20.0;0;2;21;21;0;0;0;0;3;8;8;2;18;0;0;4;2;19;19;47.62;90.48;95.24;14.29;90.48;90.48;19.05;9.52;100.0;0.0;14.2857142857;38.0952380952;38.0952380952;9.52380952381;100.0;0.0;0.0;0.0;0.0;0.0;173.0;24.0;0.0;0.0;0.0;0.0;21.0;Tous les candidats;195.0;;;;;;;;;50.0;0.0;100.0;0.0;2_Lycées;10025
2020;Public;0830053G;Lycée Dumont d'Urville;83;Var;Provence Alpes Côte d'Azur;Nice;formation selective;CPGE;Lycée Dumont d'Urville - CPGE - MPSI;Classe préparatoire scientifique;;Lycée Dumont d'Urville - CPGE - MPSI;;https://dossier.parcoursup.fr/Candidat/carte?ACTION=2&g_ti_cod=10342&g_ta_cod=10342;43.1179,5.93876;48;1052;316;1041;720;724;88;3;0;1;1;313;11;4;0;0;7;645;3;73;620;588;67;0;0;0;0;57;409;41;16;40;1;11.0;27.0;39.0;11;3;36;36;0;0;5;0;0;7;16;13;36;0;0;6;4;29;29;26.83;65.85;95.12;39.02;80.56;80.56;16.67;8.33;87.8;0.0;0.0;19.4444444444;44.4444444444;36.1111111111;100.0;0.0;0.0;0.0;0.0;0.0;378.0;40.0;0.0;0.0;0.0;0.0;31.0;Tous les candidats;634.0;;;;;;;;;61.0;0.0;100.0;0.0;2_Lycées;10342
2020;Public;9740001H;Lycée Leconte de Lisle;974;La Réunion;La Réunion;La Réunion;formation selective;CPGE;Lycée Leconte de Lisle - CPGE - MPSI;Classe préparatoire scientifique;;Lycée Leconte de Lisle - CPGE - MPSI;;https://dossier.parcoursup.fr/Candidat/carte?ACTION=2&g_ti_cod=11879&g_ta_cod=11879;-20.8879,55.4693;45;437;121;437;236;380;77;1;0;2;1;54;0;0;0;0;0;371;0;89;302;340;66;0;0;0;0;31;196;45;14;45;0;7.0;44.0;45.0;8;12;44;44;0;0;1;0;0;1;14;29;44;0;0;4;1;43;43;15.56;97.78;100.0;31.11;97.73;97.73;9.09;27.27;97.78;0.0;0.0;2.27272727273;31.8181818182;65.9090909091;100.0;0.0;0.0;0.0;0.0;0.0;189.0;43.0;0.0;0.0;0.0;0.0;7.0;Tous les candidats;307.0;;;;;;;;;70.0;0.0;100.0;0.0;2_Lycées;11879
2020;Privé sous contrat d'association;0451335G;Lycée Sainte-Croix Saint-Euverte;45;Loiret;Centre-Val de Loire;Orléans-Tours;formation selective;CPGE;Lycée Sainte-Croix Saint-Euverte - CPGE - MPSI;Classe préparatoire scientifique;;Lycée Sainte-Croix Saint-Euverte - CPGE - MPSI;;https://dossier.parcoursup.fr/Candidat/carte?ACTION=2&g_ti_cod=25067&g_ta_cod=25067;47.9019,1.91714;36;557;150;552;323;271;39;2;0;0;0;279;5;1;0;0;4;320;1;43;306;219;30;0;0;0;0;101;216;19;2;18;1;1.0;13.0;17.0;9;0;9;9;0;0;10;0;2;5;2;0;7;0;0;0;0;4;4;5.26;68.42;89.47;10.53;44.44;44.44;0;0.0;47.37;0.0;22.2222222222;55.5555555556;22.2222222222;0.0;100.0;0.0;0.0;0.0;0.0;0.0;147.0;21.0;0.0;0.0;0.0;0.0;69.0;Tous les candidats;294.0;;;;;;;;;53.0;0.0;100.0;0.0;2_Lycées;25067
2020;Public;0060030A;Lycée Masséna;06;Alpes-Maritimes;Provence Alpes Côte d'Azur;Nice;formation selective;CPGE;Lycée Masséna - CPGE - MPSI;Classe préparatoire scientifique;;Lycée Masséna - CPGE - MPSI;;https://dossier.parcoursup.fr/Candidat/carte?ACTION=2&g_ti_cod=2206&g_ta_cod=2206;43.6991,7.2757;96;2210;647;2210;1768;1978;181;1;0;0;0;231;0;0;0;0;0;2101;0;457;1754;1927;181;1;0;0;0;173;266;92;25;92;0;31.0;82.0;88.0;39;9;92;92;0;0;0;0;0;0;4;88;92;0;0;5;1;79;79;33.7;89.13;95.65;27.17;85.87;85.87;5.43;9.78;100.0;0.0;0.0;0.0;4.34782608696;95.652173913;100.0;0.0;0.0;0.0;0.0;0.0;266.0;23.0;0.0;0.0;0.0;0.0;0.0;Tous les candidats;401.0;;;;;;;;;18.0;0.0;100.0;0.0;2_Lycées;2206
2020;Public;0330021U;Lycée Montaigne;33;Gironde;Nouvelle-Aquitaine;Bordeaux;formation selective;CPGE;Lycée Montaigne - CPGE - MPSI;Classe préparatoire scientifique;;Lycée Montaigne - CPGE - MPSI;;https://dossier.parcoursup.fr/Candidat/carte?ACTION=2&g_ti_cod=4271&g_ta_cod=4271;44.8335,-0.57306;143;3078;876;3078;2369;2826;243;2;0;0;0;250;0;0;0;0;0;995;0;84;983;989;73;0;0;0;0;6;457;140;34;140;0;42.0;123.0;135.0;42;10;140;140;0;0;0;0;0;0;4;136;140;0;0;4;1;115;115;30.0;87.86;96.43;24.29;82.14;82.14;2.86;7.14;100.0;0.0;0.0;0.0;2.85714285714;97.1428571429;100.0;0.0;0.0;0.0;0.0;0.0;452.0;36.0;0.0;0.0;0.0;0.0;5.0;Tous les candidats;591.0;;;;;;;;;19.0;0.0;100.0;0.0;2_Lycées;4271
2020;Public;0380027Y;Lycée Champollion;38;Isère;Auvergne-Rhône-Alpes;Grenoble;formation selective;CPGE;Lycée Champollion - CPGE - MPSI;Classe préparatoire scientifique;;Lycée Champollion - CPGE - MPSI;;https://dossier.parcoursup.fr/Candidat/carte?ACTION=2&g_ti_cod=4920&g_ta_cod=4920;45.1873,5.72556;144;2768;737;2768;2221;2405;188;0;0;0;0;363;0;0;0;0;0;1250;0;162;1149;1246;76;0;0;0;0;4;749;139;24;139;0;54.0;116.0;130.0;34;7;139;139;0;0;0;0;0;0;16;123;139;0;0;11;2;110;110;38.85;83.45;93.53;17.27;79.14;79.14;7.91;5.04;100.0;0.0;0.0;0.0;11.5107913669;88.4892086331;100.0;0.0;0.0;0.0;0.0;0.0;745.0;52.0;0.0;0.0;0.0;0.0;4.0;Tous les candidats;944.0;;;;;;;;;34.0;0.0;100.0;0.0;2_Lycées;4920
2020;Public;0420041S;Lycée Claude Fauriel;42;Loire;Auvergne-Rhône-Alpes;Lyon;formation selective;CPGE;Lycée Claude Fauriel - CPGE - MPSI;Classe préparatoire scientifique;;Lycée Claude Fauriel - CPGE - MPSI;;https://dossier.parcoursup.fr/Candidat/carte?ACTION=2&g_ti_cod=5279&g_ta_cod=5279;45.438,4.39398;96;1603;515;1603;1148;1110;122;2;0;0;0;491;0;0;0;0;0;1062;0;118;980;992;98;0;0;0;0;70;597;88;22;88;0;7.0;66.0;78.0;16;6;78;78;0;0;10;0;0;9;38;31;78;0;0;3;0;65;65;7.95;75.0;88.64;25.0;83.33;83.33;3.85;7.69;88.64;0.0;0.0;11.5384615385;48.7179487179;39.7435897436;100.0;0.0;0.0;0.0;0.0;0.0;576.0;50.0;0.0;0.0;0.0;0.0;21.0;Tous les candidats;907.0;;;;;;;;;57.0;0.0;100.0;0.0;2_Lycées;5279
2020;Public;0440021J;Lycée général Clemenceau;44;Loire-Atlantique;Pays de la Loire;Nantes;formation selective;CPGE;Lycée général Clemenceau - CPGE - MPSI;Classe préparatoire scientifique;;Lycée général Clemenceau - CPGE - MPSI;;https://dossier.parcoursup.fr/Candidat/carte?ACTION=2&g_ti_cod=5421&g_ta_cod=5421;47.2189,-1.5448;144;3231;894;3231;2507;2742;211;1;0;0;0;488;0;0;0;0;0;1650;0;187;1518;1644;144;0;0;0;0;6;479;141;24;141;0;23.0;122.0;140.0;29;10;141;141;0;0;0;0;0;0;5;136;141;0;0;10;3;103;103;16.31;86.52;99.29;17.02;73.05;73.05;7.09;7.09;100.0;0.0;0.0;0.0;3.54609929078;96.4539007092;100.0;0.0;0.0;0.0;0.0;0.0;477.0;36.0;0.0;0.0;0.0;0.0;2.0;Tous les candidats;698.0;;;;;;;;;22.0;0.0;100.0;0.0;2_Lycées;5421
2020;Public;0510034K;Lycée Franklin Roosevelt;51;Marne;Grand Est;Reims;formation selective;CPGE;Lycée Franklin Roosevelt - CPGE - MPSI;Classe préparatoire scientifique;;Lycée Franklin Roosevelt - CPGE - MPSI;;https://dossier.parcoursup.fr/Candidat/carte?ACTION=2&g_ti_cod=6061&g_ta_cod=6061;49.2624,4.02686;48;765;202;765;480;547;66;2;0;2;1;214;0;0;0;0;0;599;0;81;565;513;58;0;0;0;0;86;341;44;12;44;0;0.0;23.0;39.0;18;7;34;34;0;0;10;0;4;13;10;7;30;0;0;5;1;24;24;0.0;52.27;88.64;27.27;70.59;70.59;14.71;20.59;77.27;0.0;11.7647058824;38.2352941176;29.4117647059;20.5882352941;100.0;0.0;0.0;0.0;0.0;0.0;315.0;35.0;0.0;0.0;0.0;0.0;26.0;Tous les candidats;553.0;;;;;;;;;72.0;0.0;100.0;0.0;2_Lycées;6061
2020;Public;0590071G;Lycée Jean Bart;59;Nord;Hauts-de-France;Lille;formation selective;CPGE;Lycée Jean Bart - CPGE - MPSI;Classe préparatoire scientifique;;Lycée Jean Bart - CPGE - MPSI;;https://dossier.parcoursup.fr/Candidat/carte?ACTION=2&g_ti_cod=6746&g_ta_cod=6746;51.0368,2.38402;48;580;175;577;395;373;51;0;0;0;0;204;3;1;0;0;2;399;1;40;382;338;42;0;0;0;0;61;234;45;15;45;0;6.0;37.0;45.0;11;3;26;26;0;0;19;0;0;5;4;17;26;0;0;4;0;26;26;13.33;82.22;100.0;33.33;100.0;100.0;15.38;11.54;57.78;0.0;0.0;19.2307692308;15.3846153846;65.3846153846;100.0;0.0;0.0;0.0;0.0;0.0;203.0;21.0;0.0;0.0;0.0;0.0;31.0;Tous les candidats;395.0;;;;;;;;;68.0;0.0;100.0;0.0;2_Lycées;6746
2020;Public;0630018C;Lycée Blaise Pascal;63;Puy-de-Dôme;Auvergne-Rhône-Alpes;Clermont-Ferrand;formation selective;CPGE;Lycée Blaise Pascal - CPGE - MPSI;Classe préparatoire scientifique;;Lycée Blaise Pascal - CPGE - MPSI;;https://dossier.parcoursup.fr/Candidat/carte?ACTION=2&g_ti_cod=7545&g_ta_cod=7545;45.7753,3.09421;96;1790;527;1790;1241;1309;105;0;0;1;1;480;0;0;0;0;0;1001;0;108;913;963;72;0;0;0;0;38;514;94;17;94;0;31.0;73.0;91.0;9;8;90;90;0;0;4;0;0;0;14;76;90;0;0;9;1;52;52;32.98;77.66;96.81;18.09;57.78;57.78;10;8.89;95.74;0.0;0.0;0.0;15.5555555556;84.4444444444;100.0;0.0;0.0;0.0;0.0;0.0;490.0;31.0;0.0;0.0;0.0;0.0;24.0;Tous les candidats;735.0;;;;;;;;;41.0;0.0;100.0;0.0;2_Lycées;7545
2020;Public;0750658H;Lycée Saint-Louis (6ème);75;Paris;Ile-de-France;Paris;formation selective;CPGE;Lycée Saint-Louis (6ème) - CPGE - MPSI;Classe préparatoire scientifique;;Lycée Saint-Louis (6ème) - CPGE - MPSI;;https://dossier.parcoursup.fr/Candidat/carte?ACTION=2&g_ti_cod=8982&g_ta_cod=8982;48.849,2.34147;240;6653;1882;6653;4426;6085;539;3;1;1;0;564;0;0;0;0;0;1789;0;129;1755;1789;92;0;0;0;0;0;921;235;66;235;0;53.0;215.0;224.0;53;23;235;235;0;0;0;0;0;0;12;223;235;0;0;0;0;83;143;22.55;91.49;95.32;28.09;35.32;60.85;0;9.79;100.0;0.0;0.0;0.0;5.10638297872;94.8936170213;100.0;0.0;0.0;0.0;0.0;0.0;921.0;78.0;0.0;0.0;0.0;0.0;0.0;Tous les candidats;1231.0;;;;;;;;;19.0;0.0;100.0;0.0;2_Lycées;8982
2020;Public;0750663N;Lycée Chaptal;75;Paris;Ile-de-France;Paris;formation selective;CPGE;Lycée Chaptal - CPGE - MPSI;Classe préparatoire scientifique;;Lycée Chaptal - CPGE - MPSI;;https://dossier.parcoursup.fr/Candidat/carte?ACTION=2&g_ti_cod=8991&g_ta_cod=8991;48.8817,2.31967;144;5007;1426;5007;2419;4469;510;2;2;0;0;536;0;0;0;0;0;4349;0;597;3857;4047;411;2;2;0;0;300;1141;138;40;138;0;15.0;87.0;120.0;23;24;136;136;0;0;2;1;0;2;49;84;135;0;0;5;3;49;123;10.87;63.04;86.96;28.99;36.03;90.44;3.68;17.65;98.55;0.735294117647;0.0;1.47058823529;36.0294117647;61.7647058824;100.0;0.0;0.0;0.0;0.0;0.0;1132.0;131.0;0.0;0.0;0.0;0.0;9.0;Tous les candidats;1547.0;;;;;;;;;31.0;0.0;100.0;0.0;2_Lycées;8991
2020;Public;0750668U;Lycée Jacques Decour;75;Paris;Ile-de-France;Paris;formation selective;CPGE;Lycée Jacques Decour - CPGE - MPSI;Classe préparatoire scientifique;;Lycée Jacques Decour - CPGE - MPSI;;https://dossier.parcoursup.fr/Candidat/carte?ACTION=2&g_ti_cod=9001&g_ta_cod=9001;48.8815,2.34439;48;1966;525;1966;261;1745;352;6;3;2;1;213;0;0;0;0;0;1241;0;87;1162;1180;254;3;2;1;1;57;488;45;16;45;0;1.0;22.0;36.0;2;9;43;43;0;0;2;0;0;7;22;14;43;0;0;1;0;19;40;2.22;48.89;80.0;35.56;44.19;93.02;2.33;20.93;95.56;0.0;0.0;16.2790697674;51.1627906977;32.5581395349;100.0;0.0;0.0;0.0;0.0;0.0;471.0;87.0;2.0;1.0;0.0;0.0;15.0;Tous les candidats;807.0;;;;;;;;;41.0;0.0;100.0;0.0;2_Lycées;9001
2020;Public;0770927P;Lycée Francois Ier;77;Seine-et-Marne;Ile-de-France;Créteil;formation selective;CPGE;Lycée Francois Ier - CPGE - MPSI;Classe préparatoire scientifique;;Lycée Francois Ier - CPGE - MPSI;;https://dossier.parcoursup.fr/Candidat/carte?ACTION=2&g_ti_cod=9796&g_ta_cod=9796;48.4093,2.69536;48;969;291;969;704;759;95;2;0;0;0;208;0;0;0;0;0;550;0;70;521;543;59;0;0;0;0;7;286;48;12;48;0;13.0;39.0;46.0;15;5;48;48;0;0;0;0;0;0;19;29;48;0;0;7;2;31;41;27.08;81.25;95.83;25.0;64.58;85.42;14.58;10.42;100.0;0.0;0.0;0.0;39.5833333333;60.4166666667;100.0;0.0;0.0;0.0;0.0;0.0;286.0;29.0;0.0;0.0;0.0;0.0;0.0;Tous les candidats;396.0;;;;;;;;;41.0;0.0;100.0;0.0;2_Lycées;9796
2020;Public;0782562L;Lycée Hoche;78;Yvelines;Ile-de-France;Versailles;formation selective;CPGE;Lycée Hoche - CPGE - MPSI;Classe préparatoire scientifique;;Lycée Hoche - CPGE - MPSI;;https://dossier.parcoursup.fr/Candidat/carte?ACTION=2&g_ti_cod=10043&g_ta_cod=10043;48.8058,2.13676;96;3211;881;3211;2676;2999;176;1;0;1;0;210;0;0;0;0;0;1673;0;150;1617;1671;92;0;0;0;0;2;247;96;19;96;0;19.0;90.0;92.0;25;4;96;96;0;0;0;7;0;0;0;89;89;0;0;16;4;93;95;19.79;93.75;95.83;19.79;96.88;98.96;16.67;4.17;100.0;7.29166666667;0.0;0.0;0.0;92.7083333333;100.0;0.0;0.0;0.0;0.0;0.0;247.0;13.0;0.0;0.0;0.0;0.0;0.0;Tous les candidats;329.0;;;;;;;;;10.0;0.0;100.0;0.0;2_Lycées;10043
2020;Privé sous contrat d'association;0783053V;Lycée Sainte Geneviève;78;Yvelines;Ile-de-France;Versailles;formation selective;CPGE;Lycée Sainte Geneviève - CPGE - MPSI;Classe préparatoire scientifique;;Lycée Sainte Geneviève - CPGE - MPSI;;https://dossier.parcoursup.fr/Candidat/carte?ACTION=2&g_ti_cod=10072&g_ta_cod=10072;48.8024,2.15426;142;2670;716;2670;2670;2522;130;0;0;0;0;148;0;0;0;0;0;2670;0;2670;0;2522;130;0;0;0;0;148;236;141;27;141;0;80.0;133.0;139.0;141;5;140;140;0;0;1;1;0;0;0;139;139;0;0;0;0;18;43;56.74;94.33;98.58;19.15;12.86;30.71;0;3.57;99.29;0.714285714286;0.0;0.0;0.0;99.2857142857;100.0;0.0;0.0;0.0;0.0;0.0;234.0;8.0;0.0;0.0;0.0;0.0;2.0;Tous les garçons;183.0;Toutes les filles;61;;;;;;;9.0;0.0;100.0;0.0;2_Lycées;10072
2020;Privé sous contrat d'association;0851642Y;LGT PRIVE SAINT-FRANCOIS D'ASSISE;85;Vendée;Pays de la Loire;Nantes;formation selective;CPGE;LGT PRIVE SAINT-FRANCOIS D'ASSISE - CPGE - MPSI;Classe préparatoire scientifique;;LGT PRIVE SAINT-FRANCOIS D'ASSISE - CPGE - MPSI;;https://dossier.parcoursup.fr/Candidat/carte?ACTION=2&g_ti_cod=10491&g_ta_cod=10491;46.6902,-1.43795;24;374;96;371;267;261;21;1;1;0;0;109;3;0;0;0;3;234;0;32;229;221;17;0;0;0;0;13;161;22;6;22;0;9.0;21.0;22.0;14;3;22;22;0;0;0;0;0;3;12;7;22;0;0;9;2;21;21;40.91;95.45;100.0;27.27;95.45;95.45;40.91;13.64;100.0;0.0;0.0;13.6363636364;54.5454545455;31.8181818182;100.0;0.0;0.0;0.0;0.0;0.0;152.0;12.0;0.0;0.0;0.0;0.0;9.0;Tous les candidats;194.0;;;;;;;;;52.0;0.0;100.0;0.0;2_Lycées;10491
2020;Public;0880020U;Lycée Claude Gellee;88;Vosges;Grand Est;Nancy-Metz;formation selective;CPGE;Lycée Claude Gellee - CPGE - MPSI;Classe préparatoire scientifique;;Lycée Claude Gellee - CPGE - MPSI;;https://dossier.parcoursup.fr/Candidat/carte?ACTION=2&g_ti_cod=10731&g_ta_cod=10731;48.167,6.45433;36;747;261;747;540;272;39;0;0;0;0;475;0;0;0;0;0;644;0;285;390;258;37;0;0;0;0;386;196;27;9;27;0;5.0;24.0;27.0;18;2;18;18;0;0;9;0;0;6;8;4;18;0;0;4;1;13;13;18.52;88.89;100.0;33.33;72.22;72.22;22.22;11.11;66.67;0.0;0.0;33.3333333333;44.4444444444;22.2222222222;100.0;0.0;0.0;0.0;0.0;0.0;152.0;22.0;0.0;0.0;0.0;0.0;44.0;Tous les candidats;286.0;;;;;;;;;38.0;0.0;100.0;0.0;2_Lycées;10731
2020;Public;0910626L;Lycée Blaise Pascal;91;Essonne;Ile-de-France;Versailles;formation selective;CPGE;Lycée Blaise Pascal - CPGE - MPSI;Classe préparatoire scientifique;;Lycée Blaise Pascal - CPGE - MPSI;;https://dossier.parcoursup.fr/Candidat/carte?ACTION=2&g_ti_cod=10859&g_ta_cod=10859;48.6962,2.18876;84;2539;689;2539;0;2201;164;1;0;0;0;337;0;0;0;0;0;1400;0;0;1400;1385;65;0;0;0;0;15;343;83;30;83;0;29.0;73.0;75.0;0;4;83;83;0;0;0;1;0;0;0;82;82;0;0;14;6;64;67;34.94;87.95;90.36;36.14;77.11;80.72;16.87;4.82;100.0;1.20481927711;0.0;0.0;0.0;98.7951807229;100.0;0.0;0.0;0.0;0.0;0.0;339.0;27.0;0.0;0.0;0.0;0.0;4.0;Tous les candidats;414.0;;;;;;;;;16.0;0.0;100.0;0.0;2_Lycées;10859
2020;Public;0911251R;Lycée du Parc des Loges;91;Essonne;Ile-de-France;Versailles;formation selective;CPGE;Lycée du Parc des Loges - CPGE - MPSI;Classe préparatoire scientifique;;Lycée du Parc des Loges - CPGE - MPSI;;https://dossier.parcoursup.fr/Candidat/carte?ACTION=2&g_ti_cod=10926&g_ta_cod=10926;48.6363,2.42459;40;821;243;764;0;523;103;1;0;2;1;238;57;19;3;4;31;397;1;0;397;352;55;0;0;0;0;45;340;35;11;34;0;16.0;24.0;34.0;0;3;27;27;0;0;8;0;3;8;11;5;24;0;0;3;2;19;25;45.71;68.57;97.14;31.43;70.37;92.59;11.11;11.11;77.14;0.0;11.1111111111;29.6296296296;40.7407407407;18.5185185185;100.0;0.0;0.0;0.0;0.0;0.0;299.0;48.0;0.0;0.0;0.0;0.0;41.0;Tous les candidats;396.0;;;;;;;;;52.0;0.0;100.0;0.0;2_Lycées;10926
2020;Public;0920142E;Lycée Louis Pasteur;92;Hauts-de-Seine;Ile-de-France;Versailles;formation selective;CPGE;Lycée Louis Pasteur - CPGE - MPSI;Classe préparatoire scientifique;;Lycée Louis Pasteur - CPGE - MPSI;;https://dossier.parcoursup.fr/Candidat/carte?ACTION=2&g_ti_cod=11004&g_ta_cod=11004;48.886,2.27427;90;2567;721;2567;0;2337;163;1;0;2;0;227;0;0;0;0;0;807;0;0;807;790;32;0;0;0;0;17;468;89;15;89;0;22.0;66.0;83.0;0;2;87;87;0;0;2;0;0;0;5;82;87;0;0;6;2;55;74;24.72;74.16;93.26;16.85;63.22;85.06;6.9;2.3;97.75;0.0;0.0;0.0;5.74712643678;94.2528735632;100.0;0.0;0.0;0.0;0.0;0.0;451.0;29.0;0.0;0.0;0.0;0.0;17.0;Tous les candidats;637.0;;;;;;;;;25.0;0.0;100.0;0.0;2_Lycées;11004
2020;Public;0920149M;Lycée Michelet;92;Hauts-de-Seine;Ile-de-France;Versailles;formation selective;CPGE;Lycée Michelet - CPGE - MPSI;Classe préparatoire scientifique;;Lycée Michelet - CPGE - MPSI;;https://dossier.parcoursup.fr/Candidat/carte?ACTION=2&g_ti_cod=11022&g_ta_cod=11022;48.825,2.28713;48;1885;468;1885;1221;1788;130;0;0;0;0;97;0;0;0;0;0;835;0;70;821;815;59;0;0;0;0;20;340;48;12;48;0;13.0;38.0;45.0;14;1;48;48;0;0;0;0;0;0;7;41;48;0;0;5;0;29;37;27.08;79.17;93.75;25.0;60.42;77.08;10.42;2.08;100.0;0.0;0.0;0.0;14.5833333333;85.4166666667;100.0;0.0;0.0;0.0;0.0;0.0;338.0;21.0;0.0;0.0;0.0;0.0;2.0;Tous les candidats;447.0;;;;;;;;;24.0;0.0;100.0;0.0;2_Lycées;11022
2020;Privé sous contrat d'association;0920904H;Lycée Sainte Marie;92;Hauts-de-Seine;Ile-de-France;Versailles;formation selective;CPGE;Lycée Sainte Marie - CPGE - MPSI;Classe préparatoire scientifique;;Lycée Sainte Marie - CPGE - MPSI;;https://dossier.parcoursup.fr/Candidat/carte?ACTION=2&g_ti_cod=11048&g_ta_cod=11048;48.7535,2.29864;45;996;217;996;586;893;56;1;0;0;0;102;0;0;0;0;0;739;0;92;703;715;17;0;0;0;0;24;324;45;12;45;0;10.0;35.0;38.0;31;2;40;40;0;0;5;0;0;4;18;18;40;0;0;8;3;20;32;22.22;77.78;84.44;26.67;50.0;80.0;20;5.0;88.89;0.0;0.0;10.0;45.0;45.0;100.0;0.0;0.0;0.0;0.0;0.0;314.0;14.0;0.0;0.0;0.0;0.0;10.0;Tous les candidats;357.0;;;;;;;;;36.0;0.0;100.0;0.0;2_Lycées;11048
2020;Public;0930830X;Lycée Albert Schweitzer;93;Seine-Saint-Denis;Ile-de-France;Créteil;formation selective;CPGE;Lycée Albert Schweitzer - CPGE - MPSI;Classe préparatoire scientifique;;Lycée Albert Schweitzer - CPGE - MPSI;;https://dossier.parcoursup.fr/Candidat/carte?ACTION=2&g_ti_cod=11200&g_ta_cod=11200;48.8987,2.51139;70;896;222;896;320;780;246;3;2;0;0;113;0;0;0;0;0;458;0;44;444;433;113;0;0;0;0;25;310;74;10;74;0;28.0;61.0;73.0;8;14;67;67;0;0;7;0;0;6;34;27;67;0;0;13;1;64;65;37.84;82.43;98.65;13.51;95.52;97.01;19.4;20.9;90.54;0.0;0.0;8.9552238806;50.7462686567;40.2985074627;100.0;0.0;0.0;0.0;0.0;0.0;293.0;88.0;0.0;0.0;0.0;0.0;17.0;Tous les candidats;390.0;;;;;;;;;44.0;0.0;100.0;0.0;2_Lycées;11200
2020;Privé sous contrat d'association;9741255W;Lycée Catholique St Charles;974;La Réunion;La Réunion;La Réunion;formation selective;CPGE;Lycée Catholique St Charles - CPGE - MPSI;Classe préparatoire scientifique;;Lycée Catholique St Charles - CPGE - MPSI;;https://dossier.parcoursup.fr/Candidat/carte?ACTION=2&g_ti_cod=13218&g_ta_cod=13218;-21.3382,55.4797;40;350;97;350;0;285;38;3;2;2;0;60;0;0;0;0;0;256;0;0;256;254;32;0;0;0;0;2;115;39;7;39;0;12.0;37.0;38.0;0;6;39;39;0;0;0;0;0;1;6;32;39;0;0;4;1;39;39;30.77;94.87;97.44;17.95;100.0;100.0;10.26;15.38;100.0;0.0;0.0;2.5641025641;15.3846153846;82.0512820513;100.0;0.0;0.0;0.0;0.0;0.0;115.0;13.0;0.0;0.0;0.0;0.0;0.0;Tous les candidats;191.0;;;;;;;;;55.0;0.0;100.0;0.0;2_Lycées;13218
2020;Privé sous contrat d'association;0060673Z;Lycée Stanislas;06;Alpes-Maritimes;Provence Alpes Côte d'Azur;Nice;formation selective;CPGE;Lycée Stanislas - CPGE - MPSI;Classe préparatoire scientifique;;Lycée Stanislas - CPGE - MPSI;;https://dossier.parcoursup.fr/Candidat/carte?ACTION=2&g_ti_cod=2237&g_ta_cod=2237;43.5526,7.00834;36;701;215;701;561;608;54;0;0;0;0;93;0;0;0;0;0;411;0;69;394;385;32;0;0;0;0;26;275;37;11;37;0;5.0;24.0;35.0;25;1;35;35;0;0;2;0;0;3;10;22;35;0;0;8;0;26;26;13.51;64.86;94.59;29.73;74.29;74.29;22.86;2.86;94.59;0.0;0.0;8.57142857143;28.5714285714;62.8571428571;100.0;0.0;0.0;0.0;0.0;0.0;259.0;20.0;0.0;0.0;0.0;0.0;16.0;Tous les candidats;401.0;;;;;;;;;57.0;0.0;100.0;0.0;2_Lycées;2237
2020;Public;0130040Y;Lycée Thiers;13;Bouches-du-Rhône;Provence Alpes Côte d'Azur;Aix-Marseille;formation selective;CPGE;Lycée Thiers - CPGE - MPSI;Classe préparatoire scientifique;;Lycée Thiers - CPGE - MPSI;;https://dossier.parcoursup.fr/Candidat/carte?ACTION=2&g_ti_cod=2546&g_ta_cod=2546;43.2968,5.38259;144;2480;649;2480;1808;2153;283;2;1;1;0;324;0;0;0;0;0;1338;0;289;1171;1329;146;0;0;0;0;9;584;144;30;144;0;34.0;134.0;143.0;48;17;144;144;0;0;0;0;0;1;9;134;144;0;0;15;4;109;109;23.61;93.06;99.31;20.83;75.69;75.69;10.42;11.81;100.0;0.0;0.0;0.694444444444;6.25;93.0555555556;100.0;0.0;0.0;0.0;0.0;0.0;581.0;61.0;0.0;0.0;0.0;0.0;3.0;Tous les candidats;765.0;;;;;;;;;31.0;0.0;100.0;0.0;2_Lycées;2546
2020;Public;0140013N;Lycée Malherbe;14;Calvados;Normandie;Normandie;formation selective;CPGE;Lycée Malherbe - CPGE - MPSI;Classe préparatoire scientifique;;Lycée Malherbe - CPGE - MPSI;;https://dossier.parcoursup.fr/Candidat/carte?ACTION=2&g_ti_cod=2817&g_ta_cod=2817;49.1743,-0.37316;96;1180;297;1180;832;984;98;1;0;0;0;195;0;0;0;0;0;889;0;87;870;852;80;1;0;0;0;36;563;91;15;91;0;25.0;72.0;86.0;33;7;88;88;0;0;3;0;0;3;29;56;88;0;0;7;3;83;83;27.47;79.12;94.51;16.48;94.32;94.32;7.95;7.95;96.7;0.0;0.0;3.40909090909;32.9545454545;63.6363636364;100.0;0.0;0.0;0.0;0.0;0.0;542.0;55.0;0.0;0.0;0.0;0.0;21.0;Tous les candidats;753.0;;;;;;;;;64.0;0.0;100.0;0.0;2_Lycées;2817
2020;Public;0170028N;Lycée Jean Dautet;17;Charente-Maritime;Nouvelle-Aquitaine;Poitiers;formation selective;CPGE;Lycée Jean Dautet - CPGE - MPSI;Classe préparatoire scientifique;;Lycée Jean Dautet - CPGE - MPSI;;https://dossier.parcoursup.fr/Candidat/carte?ACTION=2&g_ti_cod=3025&g_ta_cod=3025;46.1648,-1.15397;48;874;249;857;617;730;66;1;0;0;0;126;17;2;0;1;14;624;2;40;609;601;55;0;0;0;0;23;307;43;12;42;1;2.0;38.0;42.0;12;7;40;40;0;0;3;0;1;8;20;11;39;0;0;2;0;24;24;4.65;88.37;97.67;27.91;60.0;60.0;5;17.5;93.02;0.0;2.5;20.0;50.0;27.5;100.0;0.0;0.0;0.0;0.0;0.0;288.0;32.0;0.0;0.0;0.0;0.0;19.0;Tous les candidats;625.0;;;;;;;;;73.0;0.0;100.0;0.0;2_Lycées;3025
2020;Public;0180005H;Lycée Alain-Fournier;18;Cher;Centre-Val de Loire;Orléans-Tours;formation selective;CPGE;Lycée Alain-Fournier - CPGE - MPSI;Classe préparatoire scientifique;;Lycée Alain-Fournier - CPGE - MPSI;;https://dossier.parcoursup.fr/Candidat/carte?ACTION=2&g_ti_cod=3089&g_ta_cod=3089;47.1007,2.41248;48;549;182;495;387;210;21;0;0;0;0;285;54;22;1;0;31;215;25;48;198;198;19;0;0;0;0;17;219;27;5;20;7;3.0;20.0;26.0;16;1;22;22;0;0;5;0;1;13;7;1;21;0;0;1;1;13;13;11.11;74.07;96.3;18.52;59.09;59.09;4.55;4.55;81.48;0.0;4.54545454545;59.0909090909;31.8181818182;4.54545454545;100.0;0.0;0.0;0.0;0.0;0.0;197.0;18.0;0.0;0.0;0.0;0.0;22.0;Tous les candidats;214.0;;;;;;;;;43.0;0.0;100.0;0.0;2_Lycées;3089
2020;Public;0290063L;Lycée Naval;29;Finistère;Bretagne;Rennes;formation selective;CPGE;Lycée Naval - CPGE - MPSI;Classe préparatoire scientifique;;Lycée Naval - CPGE - MPSI;;https://dossier.parcoursup.fr/Candidat/carte?ACTION=2&g_ti_cod=3791&g_ta_cod=3791;48.3693,-4.52565;33;599;110;599;599;546;32;1;0;1;1;51;0;0;0;0;0;599;0;599;0;546;32;1;0;1;1;51;120;33;7;33;0;20.0;30.0;31.0;33;3;32;32;0;0;1;1;0;0;2;29;31;0;0;1;0;8;8;60.61;90.91;93.94;21.21;25.0;25.0;3.13;9.38;96.97;3.125;0.0;0.0;6.25;90.625;100.0;0.0;0.0;0.0;0.0;0.0;115.0;9.0;0.0;0.0;0.0;0.0;5.0;Tous les candidats;125.0;;;;;;;;;21.0;0.0;100.0;0.0;2_Lycées;3791
2020;Public;0310036W;Lycée Pierre De Fermat;31;Haute-Garonne;Occitanie;Toulouse;formation selective;CPGE;Lycée Pierre De Fermat - CPGE - MPSI;Classe préparatoire scientifique;;Lycée Pierre De Fermat - CPGE - MPSI;;https://dossier.parcoursup.fr/Candidat/carte?ACTION=2&g_ti_cod=4036&g_ta_cod=4036;43.6033,1.43927;144;4804;1434;4804;3946;3914;389;2;0;0;0;888;0;0;0;0;0;4592;0;920;3862;3895;382;2;0;0;0;695;358;144;30;144;0;66.0;124.0;142.0;52;13;133;133;0;0;11;0;0;0;2;131;133;0;0;9;0;85;85;45.83;86.11;98.61;20.83;63.91;63.91;6.77;9.77;92.36;0.0;0.0;0.0;1.5037593985;98.4962406015;100.0;0.0;0.0;0.0;0.0;0.0;342.0;36.0;0.0;0.0;0.0;0.0;16.0;Tous les candidats;448.0;;;;;;;;;9.0;0.0;100.0;0.0;2_Lycées;4036
2020;Public;0330023W;Lycée Camille Jullian;33;Gironde;Nouvelle-Aquitaine;Bordeaux;formation selective;CPGE;Lycée Camille Jullian - CPGE - MPSI;Classe préparatoire scientifique;;Lycée Camille Jullian - CPGE - MPSI;;https://dossier.parcoursup.fr/Candidat/carte?ACTION=2&g_ti_cod=4278&g_ta_cod=4278;44.8446,-0.59018;46;1700;506;1694;1114;1457;126;1;0;0;0;236;6;2;0;0;4;676;0;54;668;670;56;0;0;0;0;6;448;42;8;42;0;12.0;31.0;41.0;11;4;42;42;0;0;0;0;0;0;17;25;42;0;0;3;0;36;36;28.57;73.81;97.62;19.05;85.71;85.71;7.14;9.52;100.0;0.0;0.0;0.0;40.4761904762;59.5238095238;100.0;0.0;0.0;0.0;0.0;0.0;442.0;38.0;0.0;0.0;0.0;0.0;6.0;Tous les candidats;605.0;;;;;;;;;36.0;0.0;100.0;0.0;2_Lycées;4278
2020;Public;0450049J;Lycée Pothier;45;Loiret;Centre-Val de Loire;Orléans-Tours;formation selective;CPGE;Lycée Pothier - CPGE - MPSI;Classe préparatoire scientifique;;Lycée Pothier - CPGE - MPSI;;https://dossier.parcoursup.fr/Candidat/carte?ACTION=2&g_ti_cod=5649&g_ta_cod=5649;47.9079,1.90916;144;1603;464;1603;1117;1101;121;1;0;0;0;501;0;0;0;0;0;1385;0;563;920;1025;112;1;0;0;0;359;741;137;24;137;0;51.0;104.0;135.0;49;14;133;133;0;0;4;0;0;23;54;56;133;0;0;4;2;105;105;37.23;75.91;98.54;17.52;78.95;78.95;3.01;10.53;97.08;0.0;0.0;17.2932330827;40.6015037594;42.1052631579;100.0;0.0;0.0;0.0;0.0;0.0;701.0;64.0;0.0;0.0;0.0;0.0;40.0;Tous les candidats;941.0;;;;;;;;;59.0;0.0;100.0;0.0;2_Lycées;5649
2020;Public;0540038Y;Lycée Henri Poincaré;54;Meurthe-et-Moselle;Grand Est;Nancy-Metz;formation selective;CPGE;Lycée Henri Poincaré - CPGE - MPSI;Classe préparatoire scientifique;;Lycée Henri Poincaré - CPGE - MPSI;;https://dossier.parcoursup.fr/Candidat/carte?ACTION=2&g_ti_cod=6245&g_ta_cod=6245;48.6915,6.17955;96;2229;676;2229;1706;1657;142;1;0;0;0;571;0;0;0;0;0;1166;0;123;1127;1144;75;0;0;0;0;22;471;99;36;99;0;24.0;88.0;92.0;22;11;85;85;0;0;14;0;0;0;2;83;85;0;0;6;3;65;65;24.24;88.89;92.93;36.36;76.47;76.47;7.06;12.94;85.86;0.0;0.0;0.0;2.35294117647;97.6470588235;100.0;0.0;0.0;0.0;0.0;0.0;452.0;38.0;0.0;0.0;0.0;0.0;19.0;Tous les candidats;600.0;;;;;;;;;27.0;0.0;100.0;0.0;2_Lycées;6245
2020;Public;0590063Y;Lycée Albert Chatelet;59;Nord;Hauts-de-France;Lille;formation selective;CPGE;Lycée Albert Chatelet - CPGE - MPSI;Classe préparatoire scientifique;;Lycée Albert Chatelet - CPGE - MPSI;;https://dossier.parcoursup.fr/Candidat/carte?ACTION=2&g_ti_cod=6734&g_ta_cod=6734;50.3743,3.08316;48;952;282;952;736;768;101;0;0;0;0;184;0;0;0;0;0;636;0;149;524;613;73;0;0;0;0;23;385;46;9;46;0;10.0;38.0;44.0;18;6;46;46;0;0;0;0;0;0;13;33;46;0;0;8;0;45;45;21.74;82.61;95.65;19.57;97.83;97.83;17.39;13.04;100.0;0.0;0.0;0.0;28.2608695652;71.7391304348;100.0;0.0;0.0;0.0;0.0;0.0;381.0;45.0;0.0;0.0;0.0;0.0;4.0;Tous les candidats;523.0;;;;;;;;;55.0;0.0;100.0;0.0;2_Lycées;6734
2020;Public;0590221V;Lycée Henri Wallon;59;Nord;Hauts-de-France;Lille;formation selective;CPGE;Lycée Henri Wallon - CPGE - MPSI;Classe préparatoire scientifique;;Lycée Henri Wallon - CPGE - MPSI;;https://dossier.parcoursup.fr/Candidat/carte?ACTION=2&g_ti_cod=6841&g_ta_cod=6841;50.3641,3.52067;96;1146;320;1146;915;1021;109;1;0;0;0;124;0;0;0;0;0;784;0;112;731;751;67;0;0;0;0;33;430;96;20;96;0;10.0;86.0;94.0;29;11;96;96;0;0;0;0;0;0;16;80;96;0;0;5;2;93;93;10.42;89.58;97.92;20.83;96.88;96.88;5.21;11.46;100.0;0.0;0.0;0.0;16.6666666667;83.3333333333;100.0;0.0;0.0;0.0;0.0;0.0;421.0;44.0;0.0;0.0;0.0;0.0;9.0;Tous les candidats;638.0;;;;;;;;;56.0;0.0;100.0;0.0;2_Lycées;6841
2020;Privé sous contrat d'association;0592916Z;Lycée Notre-Dame De Grace;59;Nord;Hauts-de-France;Lille;formation selective;CPGE;Lycée Notre-Dame De Grace - CPGE - MPSI;Classe préparatoire scientifique;;Lycée Notre-Dame De Grace - CPGE - MPSI;;https://dossier.parcoursup.fr/Candidat/carte?ACTION=2&g_ti_cod=6896&g_ta_cod=6896;50.2769,3.97598;30;175;57;151;0;69;17;3;0;0;0;79;24;8;1;0;15;104;12;0;104;67;15;3;0;0;0;34;102;21;6;18;3;8.0;18.0;21.0;0;2;9;9;0;0;12;0;2;4;1;2;7;0;0;2;0;6;6;38.1;85.71;100.0;28.57;66.67;66.67;22.22;22.22;42.86;0.0;22.2222222222;44.4444444444;11.1111111111;22.2222222222;100.0;0.0;0.0;0.0;0.0;0.0;63.0;15.0;4.0;0.0;0.0;0.0;35.0;Tous les candidats;104.0;;;;;;;;;69.0;0.0;95.0;5.0;2_Lycées;6896
2020;Privé sous contrat d'association;0592921E;Lycée Saint Rémi;59;Nord;Hauts-de-France;Lille;formation selective;CPGE;Lycée Saint Rémi - CPGE - MPSI;Classe préparatoire scientifique;;Lycée Saint Rémi - CPGE - MPSI;;https://dossier.parcoursup.fr/Candidat/carte?ACTION=2&g_ti_cod=6900&g_ta_cod=6900;50.6943,3.18214;42;474;114;410;0;264;55;0;0;1;1;145;64;26;1;1;36;237;28;0;237;221;46;0;0;0;0;16;192;39;7;29;8;7.0;29.0;35.0;0;5;30;30;0;0;9;0;1;13;9;7;29;0;0;11;2;26;26;17.95;74.36;89.74;17.95;86.67;86.67;36.67;16.67;76.92;0.0;3.33333333333;43.3333333333;30.0;23.3333333333;100.0;0.0;0.0;0.0;0.0;0.0;169.0;29.0;0.0;0.0;0.0;0.0;23.0;Tous les candidats;237.0;;;;;;;;;58.0;0.0;100.0;0.0;2_Lycées;6900
2020;Public;0600014P;Lycée Pierre d'Ailly;60;Oise;Hauts-de-France;Amiens;formation selective;CPGE;Lycée Pierre d'Ailly - CPGE - MPSI;Classe préparatoire scientifique;;Lycée Pierre d'Ailly - CPGE - MPSI;;https://dossier.parcoursup.fr/Candidat/carte?ACTION=2&g_ti_cod=7220&g_ta_cod=7220;49.4064,2.83304;48;541;152;476;368;412;44;1;1;0;0;63;65;31;1;1;32;309;10;64;283;297;25;0;0;0;0;12;210;41;11;38;3;2.0;36.0;39.0;20;6;37;37;0;0;4;0;0;1;12;24;37;0;0;5;2;25;25;4.88;87.8;95.12;26.83;67.57;67.57;13.51;16.22;90.24;0.0;0.0;2.7027027027;32.4324324324;64.8648648649;100.0;0.0;0.0;0.0;0.0;0.0;200.0;17.0;0.0;0.0;0.0;0.0;10.0;Tous les candidats;304.0;;;;;;;;;64.0;0.0;100.0;0.0;2_Lycées;7220
2020;Privé sous contrat d'association;0631068U;Lycée Godefroy De Bouillon;63;Puy-de-Dôme;Auvergne-Rhône-Alpes;Clermont-Ferrand;formation selective;CPGE;Lycée Godefroy De Bouillon - CPGE - MPSI;Classe préparatoire scientifique;;Lycée Godefroy De Bouillon - CPGE - MPSI;;https://dossier.parcoursup.fr/Candidat/carte?ACTION=2&g_ti_cod=7603&g_ta_cod=7603;45.7801,3.09279;32;530;149;457;249;259;30;6;4;0;0;192;73;34;1;2;36;239;23;22;232;226;23;0;0;0;0;13;207;20;3;15;5;8.0;14.0;20.0;2;2;20;20;0;0;0;0;2;8;8;2;18;0;0;3;0;13;13;40.0;70.0;100.0;15.0;65.0;65.0;15;10.0;100.0;0.0;10.0;40.0;40.0;10.0;100.0;0.0;0.0;0.0;0.0;0.0;190.0;17.0;0.0;0.0;0.0;0.0;17.0;Tous les candidats;239.0;;;;;;;;;52.0;0.0;100.0;0.0;2_Lycées;7603
2020;Privé sous contrat d'association;0671636P;Lycée ORT STRASBOURG;67;Bas-Rhin;Grand Est;Strasbourg;formation selective;CPGE;Lycée ORT STRASBOURG - CPGE - MPSI;Classe préparatoire scientifique;;Lycée ORT STRASBOURG - CPGE - MPSI;;https://dossier.parcoursup.fr/Candidat/carte?ACTION=2&g_ti_cod=7975&g_ta_cod=7975;48.5906,7.7508;28;540;136;489;0;309;42;6;2;1;1;173;51;17;0;0;34;268;18;0;268;225;32;6;2;0;0;37;176;23;7;13;10;5.0;11.0;23.0;0;0;13;13;0;0;10;0;1;6;5;1;12;0;0;0;0;7;7;21.74;47.83;100.0;30.43;53.85;53.85;0;0.0;56.52;0.0;7.69230769231;46.1538461538;38.4615384615;7.69230769231;100.0;0.0;0.0;0.0;0.0;0.0;137.0;18.0;0.0;0.0;0.0;0.0;39.0;Tous les candidats;264.0;;;;;;;;;54.0;0.0;96.0;4.0;2_Lycées;7975
2020;Public;0690026D;Lycée du Parc;69;Rhône;Auvergne-Rhône-Alpes;Lyon;formation selective;CPGE;Lycée du Parc - CPGE - MPSI;Classe préparatoire scientifique;;Lycée du Parc - CPGE - MPSI;;https://dossier.parcoursup.fr/Candidat/carte?ACTION=2&g_ti_cod=8182&g_ta_cod=8182;45.7717,4.85677;136;5566;1637;5566;4599;5018;408;1;1;0;0;547;0;0;0;0;0;4734;0;3733;1074;4345;355;1;1;0;0;388;568;138;28;138;0;35.0;113.0;136.0;31;12;137;137;0;0;1;5;0;0;0;132;132;0;0;1;1;31;31;25.36;81.88;98.55;20.29;22.63;22.63;0.73;8.76;99.28;3.6496350365;0.0;0.0;0.0;96.3503649635;100.0;0.0;0.0;0.0;0.0;0.0;567.0;44.0;0.0;0.0;0.0;0.0;1.0;Tous les candidats;809.0;;;;;;;;;15.0;0.0;100.0;0.0;2_Lycées;8182
2020;Public;0720896H;Lycée Militaire Prytanee National;72;Sarthe;Pays de la Loire;Nantes;formation selective;CPGE;Lycée Militaire Prytanee National - CPGE - MPSI;Classe préparatoire scientifique;;Lycée Militaire Prytanee National - CPGE - MPSI;;https://dossier.parcoursup.fr/Candidat/carte?ACTION=2&g_ti_cod=8732&g_ta_cod=8732;47.7006,-0.07655;68;841;145;841;841;769;43;2;0;0;0;70;0;0;0;0;0;841;0;841;0;769;43;2;0;0;0;70;265;66;6;66;0;17.0;59.0;63.0;66;3;62;62;0;0;4;0;0;1;18;43;62;0;0;7;2;20;20;25.76;89.39;95.45;9.09;32.26;32.26;11.29;4.84;93.94;0.0;0.0;1.61290322581;29.0322580645;69.3548387097;100.0;0.0;0.0;0.0;0.0;0.0;257.0;13.0;0.0;0.0;0.0;0.0;8.0;Tous les candidats;346.0;;;;;;;;;41.0;0.0;100.0;0.0;2_Lycées;8732
2020;Public;0730013T;Lycée Vaugelas;73;Savoie;Auvergne-Rhône-Alpes;Grenoble;formation selective;CPGE;Lycée Vaugelas - CPGE - MPSI;Classe préparatoire scientifique;;Lycée Vaugelas - CPGE - MPSI;;https://dossier.parcoursup.fr/Candidat/carte?ACTION=2&g_ti_cod=8780&g_ta_cod=8780;45.5674,5.91807;45;949;255;941;707;716;66;0;0;0;0;225;8;2;0;0;6;618;1;66;604;604;46;0;0;0;0;14;499;39;9;39;0;4.0;30.0;38.0;16;3;39;39;0;0;0;0;0;8;22;9;39;0;0;2;1;33;33;10.26;76.92;97.44;23.08;84.62;84.62;5.13;7.69;100.0;0.0;0.0;20.5128205128;56.4102564103;23.0769230769;100.0;0.0;0.0;0.0;0.0;0.0;486.0;42.0;0.0;0.0;0.0;0.0;13.0;Tous les candidats;599.0;;;;;;;;;64.0;0.0;100.0;0.0;2_Lycées;8780
2020;Public;0750652B;Lycée Charlemagne;75;Paris;Ile-de-France;Paris;formation selective;CPGE;Lycée Charlemagne - CPGE - MPSI;Classe préparatoire scientifique;;Lycée Charlemagne - CPGE - MPSI;;https://dossier.parcoursup.fr/Candidat/carte?ACTION=2&g_ti_cod=8960&g_ta_cod=8960;48.8534,2.35828;96;3934;1147;3934;588;3533;385;1;1;0;0;400;0;0;0;0;0;1484;0;275;1216;1451;187;0;0;0;0;33;820;94;25;94;0;37.0;62.0;81.0;4;9;92;92;0;0;2;0;0;0;5;87;92;0;0;11;3;46;78;39.36;65.96;86.17;26.6;50.0;84.78;11.96;9.78;97.87;0.0;0.0;0.0;5.4347826087;94.5652173913;100.0;0.0;0.0;0.0;0.0;0.0;814.0;79.0;0.0;0.0;0.0;0.0;6.0;Tous les candidats;976.0;;;;;;;;;25.0;0.0;100.0;0.0;2_Lycées;8960
2020;Public;0760052U;Lycée François 1er;76;Seine-Maritime;Normandie;Normandie;formation selective;CPGE;Lycée François 1er - CPGE - MPSI;Classe préparatoire scientifique;;Lycée François 1er - CPGE - MPSI;;https://dossier.parcoursup.fr/Candidat/carte?ACTION=2&g_ti_cod=9570&g_ta_cod=9570;49.4967,0.11354;48;771;225;711;0;466;56;0;0;0;0;245;60;27;0;0;33;336;9;0;336;327;35;0;0;0;0;9;265;31;5;28;3;5.0;28.0;31.0;0;1;30;30;0;0;1;0;0;2;13;15;30;0;0;3;0;26;26;16.13;90.32;100.0;16.13;86.67;86.67;10;3.33;96.77;0.0;0.0;6.66666666667;43.3333333333;50.0;100.0;0.0;0.0;0.0;0.0;0.0;257.0;22.0;0.0;0.0;0.0;0.0;8.0;Tous les candidats;334.0;;;;;;;;;47.0;0.0;100.0;0.0;2_Lycées;9570
2020;Public;0780015T;Lycée Militaire de Saint-Cyr;78;Yvelines;Ile-de-France;Versailles;formation selective;CPGE;Lycée Militaire de Saint-Cyr - CPGE - MPSI;Classe préparatoire scientifique;;Lycée Militaire de Saint-Cyr - CPGE - MPSI;;https://dossier.parcoursup.fr/Candidat/carte?ACTION=2&g_ti_cod=9954&g_ta_cod=9954;48.7998,2.06806;72;1032;178;1032;1032;936;66;3;0;0;0;93;0;0;0;0;0;1032;0;1032;0;936;66;3;0;0;0;93;261;73;7;73;0;18.0;73.0;73.0;73;11;72;72;0;0;1;1;1;2;10;58;70;0;0;3;0;16;23;24.66;100.0;100.0;9.59;22.22;31.94;4.17;15.28;98.63;1.38888888889;1.38888888889;2.77777777778;13.8888888889;80.5555555556;100.0;0.0;0.0;0.0;0.0;0.0;250.0;18.0;0.0;0.0;0.0;0.0;11.0;Tous les candidats;295.0;;;;;;;;;29.0;0.0;100.0;0.0;2_Lycées;9954
2020;Public;0782132U;Lycée Jeanne D'Albret;78;Yvelines;Ile-de-France;Versailles;formation selective;CPGE;Lycée Jeanne D'Albret - CPGE - MPSI;Classe préparatoire scientifique;;Lycée Jeanne D'Albret - CPGE - MPSI;;https://dossier.parcoursup.fr/Candidat/carte?ACTION=2&g_ti_cod=10021&g_ta_cod=10021;48.8916,2.09818;48;1091;283;1091;672;953;70;1;0;0;0;137;0;0;0;0;0;707;0;63;679;685;46;0;0;0;0;22;396;47;10;47;0;7.0;27.0;43.0;18;8;47;47;0;0;0;0;0;3;24;20;47;0;0;6;1;45;46;14.89;57.45;91.49;21.28;95.74;97.87;12.77;17.02;100.0;0.0;0.0;6.3829787234;51.0638297872;42.5531914894;100.0;0.0;0.0;0.0;0.0;0.0;390.0;31.0;0.0;0.0;0.0;0.0;6.0;Tous les candidats;523.0;;;;;;;;;48.0;0.0;100.0;0.0;2_Lycées;10021
2020;Public;0810959C;Lycée La Borde Basse;81;Tarn;Occitanie;Toulouse;formation selective;CPGE;Lycée La Borde Basse - CPGE - MPSI;Classe préparatoire scientifique;;Lycée La Borde Basse - CPGE - MPSI;;https://dossier.parcoursup.fr/Candidat/carte?ACTION=2&g_ti_cod=10281&g_ta_cod=10281;43.6255,2.25965;24;803;208;803;679;738;79;2;0;0;0;63;0;0;0;0;0;361;0;44;348;356;29;0;0;0;0;5;142;24;6;24;0;1.0;19.0;22.0;20;2;24;24;0;0;0;0;0;0;2;22;24;0;0;0;0;22;22;4.17;79.17;91.67;25.0;91.67;91.67;0;8.33;100.0;0.0;0.0;0.0;8.33333333333;91.6666666667;100.0;0.0;0.0;0.0;0.0;0.0;141.0;15.0;0.0;0.0;0.0;0.0;1.0;Tous les candidats;250.0;;;;;;;;;31.0;0.0;100.0;0.0;2_Lycées;10281
2020;Public;0910627M;Lycée Jean Baptiste Corot;91;Essonne;Ile-de-France;Versailles;formation selective;CPGE;Lycée Jean Baptiste Corot - CPGE - MPSI;Classe préparatoire scientifique;;Lycée Jean Baptiste Corot - CPGE - MPSI;;https://dossier.parcoursup.fr/Candidat/carte?ACTION=2&g_ti_cod=10861&g_ta_cod=10861;48.676,2.35338;44;719;193;719;0;631;99;3;1;0;0;85;0;0;0;0;0;350;0;0;350;334;37;0;0;0;0;16;273;42;10;42;0;16.0;39.0;41.0;0;4;40;40;0;0;2;0;0;1;18;21;40;0;0;14;2;38;40;38.1;92.86;97.62;23.81;95.0;100.0;35;10.0;95.24;0.0;0.0;2.5;45.0;52.5;100.0;0.0;0.0;0.0;0.0;0.0;260.0;30.0;0.0;0.0;0.0;0.0;13.0;Tous les candidats;345.0;;;;;;;;;48.0;0.0;100.0;0.0;2_Lycées;10861
2020;Public;0940120V;Lycée Marcelin Berthelot;94;Val-de-Marne;Ile-de-France;Créteil;formation selective;CPGE;Lycée Marcelin Berthelot - CPGE - MPSI;Classe préparatoire scientifique;;Lycée Marcelin Berthelot - CPGE - MPSI;;https://dossier.parcoursup.fr/Candidat/carte?ACTION=2&g_ti_cod=11391&g_ta_cod=11391;48.8099,2.4683;96;2245;594;2245;1335;2098;213;0;0;0;0;147;0;0;0;0;0;1278;0;19;1275;1273;139;0;0;0;0;5;314;96;17;96;0;25.0;80.0;90.0;5;7;96;96;0;0;0;0;0;0;13;83;96;0;0;13;7;81;92;26.04;83.33;93.75;17.71;84.38;95.83;13.54;7.29;100.0;0.0;0.0;0.0;13.5416666667;86.4583333333;100.0;0.0;0.0;0.0;0.0;0.0;311.0;28.0;0.0;0.0;0.0;0.0;3.0;Tous les candidats;451.0;;;;;;;;;20.0;0.0;100.0;0.0;2_Lycées;11391
2020;Public;0950649P;Lycée Camille Pissarro;95;Val-d'oise;Ile-de-France;Versailles;formation selective;CPGE;Lycée Camille Pissarro - CPGE - MPSI;Classe préparatoire scientifique;;Lycée Camille Pissarro - CPGE - MPSI;;https://dossier.parcoursup.fr/Candidat/carte?ACTION=2&g_ti_cod=11574&g_ta_cod=11574;49.0568,2.0881;40;894;236;701;0;544;99;2;0;2;0;153;193;99;6;4;84;375;39;0;375;367;49;0;0;0;0;8;262;28;4;17;10;1.0;17.0;25.0;0;4;26;26;0;0;2;0;2;11;7;6;24;0;0;3;1;24;24;3.57;60.71;89.29;14.29;92.31;92.31;11.54;15.38;92.86;0.0;7.69230769231;42.3076923077;26.9230769231;23.0769230769;100.0;0.0;0.0;0.0;0.0;0.0;252.0;40.0;0.0;0.0;0.0;0.0;10.0;Tous les candidats;374.0;;;;;;;;;53.0;0.0;100.0;0.0;2_Lycées;11574
2020;Public;9720003W;Lycée Bellevue;972;Martinique;Martinique;Martinique;formation selective;CPGE;Lycée Bellevue - CPGE - MPSI;Classe préparatoire scientifique;;Lycée Bellevue - CPGE - MPSI;;https://dossier.parcoursup.fr/Candidat/carte?ACTION=2&g_ti_cod=11783&g_ta_cod=11783;14.6039,-61.0833;45;204;85;204;115;179;32;4;0;1;1;20;0;0;0;0;0;176;0;30;160;165;29;1;0;0;0;10;123;29;12;29;0;6.0;28.0;28.0;6;4;29;29;0;0;0;0;3;5;13;8;26;0;0;8;3;27;27;20.69;96.55;96.55;41.38;93.1;93.1;27.59;13.79;100.0;0.0;10.3448275862;17.2413793103;44.8275862069;27.5862068966;100.0;0.0;0.0;0.0;0.0;0.0;117.0;20.0;0.0;0.0;0.0;0.0;6.0;Tous les candidats;166.0;;;;;;;;;81.0;0.0;100.0;0.0;2_Lycées;11783
2020;Public;0130002G;Lycée Paul Cezanne;13;Bouches-du-Rhône;Provence Alpes Côte d'Azur;Aix-Marseille;formation selective;CPGE;Lycée Paul Cezanne - CPGE - MPSI;Classe préparatoire scientifique;;Lycée Paul Cezanne - CPGE - MPSI;;https://dossier.parcoursup.fr/Candidat/carte?ACTION=2&g_ti_cod=2527&g_ta_cod=2527;43.5341,5.45969;48;1342;444;1342;298;1202;129;2;1;0;0;138;0;0;0;0;0;750;0;10;747;740;67;0;0;0;0;10;439;48;17;48;0;24.0;41.0;46.0;2;6;48;48;0;0;0;0;0;0;8;40;48;0;0;8;2;43;43;50.0;85.42;95.83;35.42;89.58;89.58;16.67;12.5;100.0;0.0;0.0;0.0;16.6666666667;83.3333333333;100.0;0.0;0.0;0.0;0.0;0.0;437.0;51.0;0.0;0.0;0.0;0.0;2.0;Tous les candidats;575.0;;;;;;;;;43.0;0.0;100.0;0.0;2_Lycées;2527
2020;Privé sous contrat d'association;0131341M;Lycée Notre Dame De Sion;13;Bouches-du-Rhône;Provence Alpes Côte d'Azur;Aix-Marseille;formation selective;CPGE;Lycée Notre Dame De Sion - CPGE - MPSI;Classe préparatoire scientifique;;Lycée Notre Dame De Sion - CPGE - MPSI;;https://dossier.parcoursup.fr/Candidat/carte?ACTION=2&g_ti_cod=2628&g_ta_cod=2628;43.2828,5.3814;48;651;190;643;0;482;89;3;1;1;0;157;8;5;0;0;3;518;3;0;518;455;82;1;1;0;0;62;295;45;9;42;2;3.0;31.0;39.0;0;4;43;43;0;0;2;0;0;17;21;5;43;0;0;4;0;37;37;6.67;68.89;86.67;20.0;86.05;86.05;9.3;9.3;95.56;0.0;0.0;39.5348837209;48.8372093023;11.6279069767;100.0;0.0;0.0;0.0;0.0;0.0;261.0;34.0;0.0;0.0;0.0;0.0;34.0;Tous les candidats;399.0;;;;;;;;;62.0;0.0;100.0;0.0;2_Lycées;2628
2020;Public;0210015C;Lycée Carnot;21;Côte-d'or;Bourgogne-Franche-Comté;Dijon;formation selective;CPGE;Lycée Carnot - CPGE - MPSI;Classe préparatoire scientifique;;Lycée Carnot - CPGE - MPSI;;https://dossier.parcoursup.fr/Candidat/carte?ACTION=2&g_ti_cod=3177&g_ta_cod=3177;47.3237,5.04925;144;1872;557;1872;1370;1317;124;2;1;1;0;552;0;0;0;0;0;1095;0;98;1043;1074;92;0;0;0;0;21;584;148;45;148;0;50.0;123.0;139.0;17;16;147;147;0;0;1;0;0;4;33;110;147;0;0;15;5;100;100;33.78;83.11;93.92;30.41;68.03;68.03;10.2;10.88;99.32;0.0;0.0;2.72108843537;22.4489795918;74.8299319728;100.0;0.0;0.0;0.0;0.0;0.0;574.0;53.0;0.0;0.0;0.0;0.0;10.0;Tous les candidats;911.0;;;;;;;;;49.0;0.0;100.0;0.0;2_Lycées;3177
2020;Public;0290007A;Lycée La Pérouse - Kerichen;29;Finistère;Bretagne;Rennes;formation selective;CPGE;Lycée La Pérouse - Kerichen - CPGE - MPSI;Classe préparatoire scientifique;;Lycée La Pérouse - Kerichen - CPGE - MPSI;;https://dossier.parcoursup.fr/Candidat/carte?ACTION=2&g_ti_cod=3759&g_ta_cod=3759;48.4043,-4.48355;96;1107;310;1107;753;943;70;0;0;0;0;164;0;0;0;0;0;593;0;51;583;562;39;0;0;0;0;31;466;95;28;94;0;55.0;80.0;92.0;24;8;94;94;0;0;1;0;0;3;30;61;94;0;0;8;3;90;90;57.89;84.21;96.84;29.47;95.74;95.74;8.51;8.51;98.95;0.0;0.0;3.1914893617;31.914893617;64.8936170213;100.0;0.0;0.0;0.0;0.0;0.0;459.0;35.0;0.0;0.0;0.0;0.0;7.0;Tous les candidats;534.0;;;;;;;;;48.0;0.0;100.0;0.0;2_Lycées;3759
2020;Privé sous contrat d'association;0290338K;Lycée Sainte Anne;29;Finistère;Bretagne;Rennes;formation selective;CPGE;Lycée Sainte Anne - CPGE - MPSI;Classe préparatoire scientifique;;Lycée Sainte Anne - CPGE - MPSI;;https://dossier.parcoursup.fr/Candidat/carte?ACTION=2&g_ti_cod=3849&g_ta_cod=3849;48.3968,-4.49057;30;551;165;532;0;364;31;1;0;0;0;167;19;5;0;0;14;358;1;0;358;329;25;0;0;0;0;29;267;24;5;24;0;8.0;22.0;24.0;0;3;22;22;0;0;2;0;1;5;9;7;21;0;0;2;0;22;22;33.33;91.67;100.0;20.83;100.0;100.0;9.09;13.64;91.67;0.0;4.54545454545;22.7272727273;40.9090909091;31.8181818182;100.0;0.0;0.0;0.0;0.0;0.0;245.0;17.0;0.0;0.0;0.0;0.0;22.0;Tous les candidats;358.0;;;;;;;;;67.0;0.0;100.0;0.0;2_Lycées;3849
2020;Public;0300021K;Lycée Alphonse DAUDET;30;Gard;Occitanie;Montpellier;formation selective;CPGE;Lycée Alphonse DAUDET - CPGE - MPSI;Classe préparatoire scientifique;;Lycée Alphonse DAUDET - CPGE - MPSI;;https://dossier.parcoursup.fr/Candidat/carte?ACTION=2&g_ti_cod=3926&g_ta_cod=3926;43.8358,4.35761;48;1030;281;1030;701;922;161;0;0;0;0;108;0;0;0;0;0;659;0;16;651;656;104;0;0;0;0;3;365;48;12;48;0;6.0;37.0;44.0;2;12;48;48;0;0;0;0;0;0;17;31;48;0;0;4;0;30;30;12.5;77.08;91.67;25.0;62.5;62.5;8.33;25.0;100.0;0.0;0.0;0.0;35.4166666667;64.5833333333;100.0;0.0;0.0;0.0;0.0;0.0;363.0;53.0;0.0;0.0;0.0;0.0;2.0;Tous les candidats;580.0;;;;;;;;;56.0;0.0;100.0;0.0;2_Lycées;3926
2020;Privé sous contrat d'association;0300080Z;Lycée Emmanuel d'Alzon;30;Gard;Occitanie;Montpellier;formation selective;CPGE;Lycée Emmanuel d'Alzon - CPGE - MPSI;Classe préparatoire scientifique;;Lycée Emmanuel d'Alzon - CPGE - MPSI;;https://dossier.parcoursup.fr/Candidat/carte?ACTION=2&g_ti_cod=3960&g_ta_cod=3960;43.8344,4.37175;48;1095;337;1095;666;582;112;3;1;1;0;509;0;0;0;0;0;898;0;89;849;578;110;0;0;0;0;320;362;44;14;44;0;0.0;20.0;29.0;17;0;14;14;0;0;30;0;3;6;3;2;11;0;0;2;0;5;5;0.0;45.45;65.91;31.82;35.71;35.71;14.29;0.0;31.82;0.0;21.4285714286;42.8571428571;21.4285714286;14.2857142857;100.0;0.0;0.0;0.0;0.0;0.0;249.0;39.0;0.0;0.0;0.0;0.0;113.0;Tous les candidats;550.0;;;;;;;;;50.0;0.0;100.0;0.0;2_Lycées;3960
2020;Public;0310038Y;Lycée BELLEVUE;31;Haute-Garonne;Occitanie;Toulouse;formation selective;CPGE;Lycée BELLEVUE - CPGE - MPSI;Classe préparatoire scientifique;;Lycée BELLEVUE - CPGE - MPSI;;https://dossier.parcoursup.fr/Candidat/carte?ACTION=2&g_ti_cod=4042&g_ta_cod=4042;43.5616,1.46017;48;2202;652;2202;0;1907;224;1;0;0;0;294;0;0;0;0;0;674;0;0;674;668;58;0;0;0;0;6;417;50;9;50;0;17.0;40.0;49.0;0;7;49;49;0;0;1;0;0;0;8;41;49;0;0;3;0;41;41;34.0;80.0;98.0;18.0;83.67;83.67;6.12;14.29;98.0;0.0;0.0;0.0;16.3265306122;83.6734693878;100.0;0.0;0.0;0.0;0.0;0.0;413.0;50.0;0.0;0.0;0.0;0.0;4.0;Tous les candidats;552.0;;;;;;;;;25.0;0.0;100.0;0.0;2_Lycées;4042
2020;Public;0340038G;Lycée Joffre;34;Hérault;Occitanie;Montpellier;formation selective;CPGE;Lycée Joffre - CPGE - MPSI;Classe préparatoire scientifique;;Lycée Joffre - CPGE - MPSI;;https://dossier.parcoursup.fr/Candidat/carte?ACTION=2&g_ti_cod=4481&g_ta_cod=4481;43.6112,3.88407;96;2980;878;2980;2195;2627;317;3;0;1;0;349;0;0;0;0;0;797;0;36;793;795;101;0;0;0;0;2;331;96;21;96;0;21.0;86.0;95.0;16;13;95;95;0;0;1;0;0;0;2;93;95;0;0;13;1;68;68;21.88;89.58;98.96;21.88;71.58;71.58;13.68;13.68;98.96;0.0;0.0;0.0;2.10526315789;97.8947368421;100.0;0.0;0.0;0.0;0.0;0.0;329.0;42.0;0.0;0.0;0.0;0.0;2.0;Tous les candidats;535.0;;;;;;;;;18.0;0.0;100.0;0.0;2_Lycées;4481
2020;Privé sous contrat d'association;0340881Y;Lycée Notre Dame De La Merci;34;Hérault;Occitanie;Montpellier;formation selective;CPGE;Lycée Notre Dame De La Merci - CPGE - MPSI;Classe préparatoire scientifique;;Lycée Notre Dame De La Merci - CPGE - MPSI;;https://dossier.parcoursup.fr/Candidat/carte?ACTION=2&g_ti_cod=4533&g_ta_cod=4533;43.6091,3.86234;35;652;183;644;0;560;67;6;1;0;0;78;8;3;0;0;5;417;1;0;417;395;39;0;0;0;0;22;241;32;12;32;0;0.0;24.0;29.0;0;5;30;30;0;0;2;0;0;4;14;12;30;0;0;7;3;23;23;0.0;75.0;90.63;37.5;76.67;76.67;23.33;16.67;93.75;0.0;0.0;13.3333333333;46.6666666667;40.0;100.0;0.0;0.0;0.0;0.0;0.0;226.0;22.0;0.0;0.0;0.0;0.0;15.0;Tous les candidats;372.0;;;;;;;;;58.0;0.0;100.0;0.0;2_Lycées;4533
2020;Public;0350710G;Lycée Francois René De Chateaubriand;35;Ille-et-Vilaine;Bretagne;Rennes;formation selective;CPGE;Lycée Francois René De Chateaubriand - CPGE - MPSI;Classe préparatoire scientifique;;Lycée Francois René De Chateaubriand - CPGE - MPSI;;https://dossier.parcoursup.fr/Candidat/carte?ACTION=2&g_ti_cod=4671&g_ta_cod=4671;48.1241,-1.65012;144;3078;838;3078;2486;2792;217;1;0;0;0;285;0;0;0;0;0;1255;0;129;1228;1246;115;0;0;0;0;9;537;141;37;141;0;55.0;109.0;137.0;49;15;139;139;0;0;2;0;0;0;3;136;139;0;0;4;1;104;104;39.01;77.3;97.16;26.24;74.82;74.82;2.88;10.79;98.58;0.0;0.0;0.0;2.15827338129;97.8417266187;100.0;0.0;0.0;0.0;0.0;0.0;529.0;54.0;0.0;0.0;0.0;0.0;8.0;Tous les candidats;653.0;;;;;;;;;21.0;0.0;100.0;0.0;2_Lycées;4671
2020;Privé sous contrat d'association;0440163N;LGT Saint-Stanislas;44;Loire-Atlantique;Pays de la Loire;Nantes;formation selective;CPGE;LGT Saint-Stanislas - CPGE - MPSI;Classe préparatoire scientifique;;LGT Saint-Stanislas - CPGE - MPSI;;https://dossier.parcoursup.fr/Candidat/carte?ACTION=2&g_ti_cod=5492&g_ta_cod=5492;47.2225,-1.55535;48;879;222;879;0;761;48;0;0;0;0;118;0;0;0;0;0;741;0;0;741;705;44;0;0;0;0;36;344;48;14;48;0;22.0;41.0;47.0;0;3;48;48;0;0;0;0;0;1;13;34;48;0;0;2;0;44;44;45.83;85.42;97.92;29.17;91.67;91.67;4.17;6.25;100.0;0.0;0.0;2.08333333333;27.0833333333;70.8333333333;100.0;0.0;0.0;0.0;0.0;0.0;331.0;21.0;0.0;0.0;0.0;0.0;13.0;Tous les candidats;422.0;;;;;;;;;48.0;0.0;100.0;0.0;2_Lycées;5492
2020;Privé sous contrat d'association;0490824E;Lycée général privé Saint Martin;49;Maine-et-Loire;Pays de la Loire;Nantes;formation selective;CPGE;Lycée général privé Saint Martin - CPGE - MPSI;Classe préparatoire scientifique;;Lycée général privé Saint Martin - CPGE - MPSI;;https://dossier.parcoursup.fr/Candidat/carte?ACTION=2&g_ti_cod=5896&g_ta_cod=5896;47.4694,-0.5516;24;558;134;484;304;379;33;0;0;0;0;105;74;36;2;0;36;311;27;33;303;295;23;0;0;0;0;16;267;21;5;14;7;4.0;13.0;18.0;7;0;15;15;0;0;6;0;2;4;7;2;13;0;0;0;0;11;11;19.05;61.9;85.71;23.81;73.33;73.33;0;0.0;71.43;0.0;13.3333333333;26.6666666667;46.6666666667;13.3333333333;100.0;0.0;0.0;0.0;0.0;0.0;247.0;19.0;0.0;0.0;0.0;0.0;20.0;Tous les candidats;311.0;;;;;;;;;64.0;0.0;100.0;0.0;2_Lycées;5896
2020;Public;0570029X;Lycée Jean Moulin;57;Moselle;Grand Est;Nancy-Metz;formation selective;CPGE;Lycée Jean Moulin - CPGE - MPSI;Classe préparatoire scientifique;;Lycée Jean Moulin - CPGE - MPSI;;https://dossier.parcoursup.fr/Candidat/carte?ACTION=2&g_ti_cod=6517&g_ta_cod=6517;49.1827,6.90735;30;389;120;353;255;180;32;0;0;0;0;173;36;19;0;0;17;179;12;30;171;153;25;0;0;0;0;26;165;17;2;15;2;5.0;15.0;17.0;12;4;15;15;0;0;2;0;2;4;3;6;13;0;0;1;0;12;12;29.41;88.24;100.0;11.76;80.0;80.0;6.67;26.67;88.24;0.0;13.3333333333;26.6666666667;20.0;40.0;100.0;0.0;0.0;0.0;0.0;0.0;140.0;24.0;0.0;0.0;0.0;0.0;25.0;Tous les candidats;179.0;;;;;;;;;51.0;0.0;100.0;0.0;2_Lycées;6517
2020;Privé sous contrat d'association;0593117T;Lycée polyvalent privé La Salle;59;Nord;Hauts-de-France;Lille;formation selective;CPGE;Lycée polyvalent privé La Salle - CPGE - MPSI;Classe préparatoire scientifique;;Lycée polyvalent privé La Salle - CPGE - MPSI;;https://dossier.parcoursup.fr/Candidat/carte?ACTION=2&g_ti_cod=6988&g_ta_cod=6988;50.6291,3.03928;48;308;85;245;0;171;26;1;1;0;0;73;63;32;0;0;31;162;25;0;162;137;22;0;0;0;0;25;167;12;2;10;2;0.0;10.0;12.0;0;1;9;9;0;0;3;0;2;4;2;1;7;0;0;0;0;4;4;0.0;83.33;100.0;16.67;44.44;44.44;0;11.11;75.0;0.0;22.2222222222;44.4444444444;22.2222222222;11.1111111111;100.0;0.0;0.0;0.0;0.0;0.0;136.0;22.0;0.0;0.0;0.0;0.0;31.0;Tous les candidats;162.0;;;;;;;;;66.0;0.0;100.0;0.0;2_Lycées;6988
2020;Public;0630021F;Lycée La Fayette;63;Puy-de-Dôme;Auvergne-Rhône-Alpes;Clermont-Ferrand;formation selective;CPGE;Lycée La Fayette - CPGE - MPSI;Classe préparatoire scientifique;;Lycée La Fayette - CPGE - MPSI;;https://dossier.parcoursup.fr/Candidat/carte?ACTION=2&g_ti_cod=7562&g_ta_cod=7562;45.7626,3.13152;35;651;174;651;380;540;49;2;1;0;0;109;0;0;0;0;0;487;0;28;480;474;40;0;0;0;0;13;212;38;6;38;0;16.0;32.0;38.0;9;5;38;38;0;0;0;0;0;5;18;15;38;0;0;7;0;36;36;42.11;84.21;100.0;15.79;94.74;94.74;18.42;13.16;100.0;0.0;0.0;13.1578947368;47.3684210526;39.4736842105;100.0;0.0;0.0;0.0;0.0;0.0;210.0;20.0;0.0;0.0;0.0;0.0;2.0;Tous les candidats;248.0;;;;;;;;;38.0;0.0;100.0;0.0;2_Lycées;7562
2020;Public;0692866R;Lycée La Martiniere Monplaisir;69;Rhône;Auvergne-Rhône-Alpes;Lyon;formation selective;CPGE;Lycée La Martiniere Monplaisir - CPGE - MPSI;Classe préparatoire scientifique;;Lycée La Martiniere Monplaisir - CPGE - MPSI;;https://dossier.parcoursup.fr/Candidat/carte?ACTION=2&g_ti_cod=8550&g_ta_cod=8550;45.7399,4.86873;96;3490;1011;3490;2648;3005;265;0;0;0;0;485;0;0;0;0;0;1800;0;126;1770;1785;149;0;0;0;0;15;581;93;15;93;0;13.0;60.0;87.0;35;12;90;90;0;0;3;1;0;0;9;80;89;0;0;8;2;66;66;13.98;64.52;93.55;16.13;73.33;73.33;8.89;13.33;96.77;1.11111111111;0.0;0.0;10.0;88.8888888889;100.0;0.0;0.0;0.0;0.0;0.0;566.0;57.0;0.0;0.0;0.0;0.0;15.0;Tous les candidats;780.0;;;;;;;;;22.0;0.0;100.0;0.0;2_Lycées;8550
2020;Public;0750654D;Lycée Henri IV;75;Paris;Ile-de-France;Paris;formation selective;CPGE;Lycée Henri IV - CPGE - MPSI;Classe préparatoire scientifique;;Lycée Henri IV - CPGE - MPSI;;https://dossier.parcoursup.fr/Candidat/carte?ACTION=2&g_ti_cod=8964&g_ta_cod=8964;48.8463,2.34762;90;5119;1478;5119;3647;4672;433;3;2;0;0;444;0;0;0;0;0;577;0;42;568;577;47;0;0;0;0;0;296;90;24;90;0;32.0;75.0;88.0;26;12;90;90;0;0;0;2;0;0;3;85;88;0;0;17;4;40;75;35.56;83.33;97.78;26.67;44.44;83.33;18.89;13.33;100.0;2.22222222222;0.0;0.0;3.33333333333;94.4444444444;100.0;0.0;0.0;0.0;0.0;0.0;296.0;28.0;0.0;0.0;0.0;0.0;0.0;Tous les candidats;402.0;;;;;;;;;8.0;0.0;100.0;0.0;2_Lycées;8964
2020;Public;0750655E;Lycée Louis Le Grand;75;Paris;Ile-de-France;Paris;formation selective;CPGE;Lycée Louis Le Grand - CPGE - MPSI;Classe préparatoire scientifique;;Lycée Louis Le Grand - CPGE - MPSI;;https://dossier.parcoursup.fr/Candidat/carte?ACTION=2&g_ti_cod=8974&g_ta_cod=8974;48.8478,2.34486;184;5939;1686;5939;4369;5224;506;1;1;0;0;714;0;0;0;0;0;786;0;129;756;765;84;0;0;0;0;21;383;182;41;182;0;74.0;170.0;173.0;75;17;171;171;0;0;11;4;0;0;3;164;167;0;0;26;6;55;81;40.66;93.41;95.05;22.53;32.16;47.37;15.2;9.94;93.96;2.33918128655;0.0;0.0;1.75438596491;95.9064327485;100.0;0.0;0.0;0.0;0.0;0.0;369.0;40.0;0.0;0.0;0.0;0.0;14.0;Tous les candidats;446.0;;;;;;;;;8.0;0.0;100.0;0.0;2_Lycées;8974
2020;Public;0750660K;Lycée Fénelon;75;Paris;Ile-de-France;Paris;formation selective;CPGE;Lycée Fénelon - CPGE - MPSI;Classe préparatoire scientifique;;Lycée Fénelon - CPGE - MPSI;;https://dossier.parcoursup.fr/Candidat/carte?ACTION=2&g_ti_cod=8986&g_ta_cod=8986;48.8532,2.3408;96;4125;1161;4125;1793;3856;424;1;1;1;0;267;0;0;0;0;0;4107;0;51;4084;3838;424;1;1;1;0;267;1046;91;23;91;0;19.0;64.0;80.0;5;13;91;91;0;0;0;0;0;0;12;79;91;0;0;2;1;28;72;20.88;70.33;87.91;25.27;30.77;79.12;2.2;14.29;100.0;0.0;0.0;0.0;13.1868131868;86.8131868132;100.0;0.0;0.0;0.0;0.0;0.0;1027.0;116.0;0.0;0.0;0.0;0.0;19.0;Tous les candidats;1264.0;;;;;;;;;31.0;0.0;100.0;0.0;2_Lycées;8986
2020;Public;0750667T;Lycée Condorcet;75;Paris;Ile-de-France;Paris;formation selective;CPGE;Lycée Condorcet - CPGE - MPSI;Classe préparatoire scientifique;;Lycée Condorcet - CPGE - MPSI;;https://dossier.parcoursup.fr/Candidat/carte?ACTION=2&g_ti_cod=8998&g_ta_cod=8998;48.8748,2.32692;96;3839;1103;3839;581;3570;393;1;1;1;1;267;0;0;0;0;0;1739;0;221;1523;1717;215;0;0;1;1;21;916;92;22;92;0;26.0;69.0;82.0;5;9;92;92;0;0;0;0;0;0;9;83;92;0;0;7;0;41;77;28.26;75.0;89.13;23.91;44.57;83.7;7.61;9.78;100.0;0.0;0.0;0.0;9.78260869565;90.2173913043;100.0;0.0;0.0;0.0;0.0;0.0;916.0;101.0;0.0;0.0;0.0;0.0;0.0;Tous les candidats;1110.0;;;;;;;;;29.0;0.0;100.0;0.0;2_Lycées;8998
2020;Public;0750679F;Lycée Paul Valery;75;Paris;Ile-de-France;Paris;formation selective;CPGE;Lycée Paul Valery - CPGE - MPSI;Classe préparatoire scientifique;;Lycée Paul Valery - CPGE - MPSI;;https://dossier.parcoursup.fr/Candidat/carte?ACTION=2&g_ti_cod=9043&g_ta_cod=9043;48.8398,2.40918;48;2762;757;2762;510;2207;516;9;2;0;0;546;0;0;0;0;0;1705;0;203;1513;1588;364;3;1;0;0;114;716;42;10;42;0;0.0;18.0;32.0;3;11;35;35;0;0;7;1;3;13;13;5;31;0;0;0;0;4;33;0.0;42.86;76.19;23.81;11.43;94.29;0;31.43;83.33;2.85714285714;8.57142857143;37.1428571429;37.1428571429;14.2857142857;100.0;0.0;0.0;0.0;0.0;0.0;662.0;132.0;0.0;0.0;0.0;0.0;54.0;Tous les candidats;1066.0;;;;;;;;;39.0;0.0;100.0;0.0;2_Lycées;9043
2020;Public;0750685M;Lycée Pierre-Gilles de Gennes - ENCPB;75;Paris;Ile-de-France;Paris;formation selective;CPGE;Lycée Pierre-Gilles de Gennes - ENCPB - CPGE - MPSI;Classe préparatoire scientifique;;Lycée Pierre-Gilles de Gennes - ENCPB - CPGE - MPSI;;https://dossier.parcoursup.fr/Candidat/carte?ACTION=2&g_ti_cod=9070&g_ta_cod=9070;48.8366,2.35634;48;2134;583;2134;312;1782;378;8;4;3;1;341;0;0;0;0;0;1431;0;101;1341;1348;280;6;3;2;1;75;640;46;10;46;0;15.0;23.0;37.0;2;8;43;41;2;0;3;0;3;9;23;8;38;2;0;1;0;22;41;32.61;50.0;80.43;21.74;51.16;95.35;2.33;18.6;93.48;0.0;6.97674418605;20.9302325581;53.488372093;18.6046511628;95.3488372093;4.65;4.6511627907;4.65;0.0;4.65;610.0;108.0;5.0;2.0;0.0;0.0;25.0;Tous les candidats;703.0;;;;;;;;;33.0;0.0;96.0;4.0;2_Lycées;9070
2020;Public;0750698B;Lycée Claude Bernard;75;Paris;Ile-de-France;Paris;formation selective;CPGE;Lycée Claude Bernard - CPGE - MPSI;Classe préparatoire scientifique;;Lycée Claude Bernard - CPGE - MPSI;;https://dossier.parcoursup.fr/Candidat/carte?ACTION=2&g_ti_cod=9127&g_ta_cod=9127;48.8424,2.25496;48;1719;496;1719;307;1373;242;2;2;1;0;343;0;0;0;0;0;937;0;118;825;881;153;1;1;0;0;55;539;39;9;39;0;3.0;20.0;35.0;3;4;36;36;0;0;3;0;0;6;24;6;36;0;0;3;0;9;30;7.69;51.28;89.74;23.08;25.0;83.33;8.33;11.11;92.31;0.0;0.0;16.6666666667;66.6666666667;16.6666666667;100.0;0.0;0.0;0.0;0.0;0.0;531.0;81.0;0.0;0.0;0.0;0.0;8.0;Tous les candidats;709.0;;;;;;;;;41.0;0.0;100.0;0.0;2_Lycées;9127
2020;Public;0930125F;Lycée Paul Eluard;93;Seine-Saint-Denis;Ile-de-France;Créteil;formation selective;CPGE;Lycée Paul Eluard - CPGE - MPSI;Classe préparatoire scientifique;;Lycée Paul Eluard - CPGE - MPSI;;https://dossier.parcoursup.fr/Candidat/carte?ACTION=2&g_ti_cod=11189&g_ta_cod=11189;48.9422,2.36431;24;811;211;741;248;593;206;3;0;2;1;143;70;22;6;5;37;509;6;14;501;491;171;0;0;0;0;18;316;24;3;21;3;1.0;13.0;21.0;1;10;23;23;0;0;1;0;2;16;4;1;21;0;0;2;0;16;23;4.17;54.17;87.5;12.5;69.57;100.0;8.7;43.48;95.83;0.0;8.69565217391;69.5652173913;17.3913043478;4.34782608696;100.0;0.0;0.0;0.0;0.0;0.0;298.0;103.0;0.0;0.0;0.0;0.0;18.0;Tous les candidats;488.0;;;;;;;;;66.0;0.0;100.0;0.0;2_Lycées;11189
2020;Privé sous contrat d'association;0331503E;Lycée Sainte Marie Grand Lebrun;33;Gironde;Nouvelle-Aquitaine;Bordeaux;formation selective;CPGE;Lycée Sainte Marie Grand Lebrun - CPGE - MPSI;Classe préparatoire scientifique;;Lycée Sainte Marie Grand Lebrun - CPGE - MPSI;;https://dossier.parcoursup.fr/Candidat/carte?ACTION=2&g_ti_cod=17639&g_ta_cod=17639;44.8504,-0.60794;48;827;234;819;0;654;48;5;2;0;0;160;8;3;0;0;5;540;2;0;540;517;31;0;0;0;0;23;370;46;10;46;0;10.0;29.0;43.0;0;4;43;43;0;0;3;0;0;17;22;4;43;0;0;3;0;29;29;21.74;63.04;93.48;21.74;67.44;67.44;6.98;9.3;93.48;0.0;0.0;39.5348837209;51.1627906977;9.3023255814;100.0;0.0;0.0;0.0;0.0;0.0;360.0;24.0;0.0;0.0;0.0;0.0;10.0;Tous les candidats;484.0;;;;;;;;;59.0;0.0;100.0;0.0;2_Lycées;17639
